matrix_res,score_res,k,sample,mod_score,run_time
0.85,1.0,3.0,"{0: 0, 1: 0, 2: 0, 3: 0, 4: 1, 5: 1, 6: 1, 7: 0, 8: 2, 9: 2, 10: 1, 11: 0, 12: 0, 13: 0, 14: 2, 15: 2, 16: 1, 17: 0, 18: 2, 19: 0, 20: 2, 21: 0, 22: 2, 23: 2, 24: 2, 25: 2, 26: 2, 27: 2, 28: 2, 29: 2, 30: 2, 31: 2, 32: 2, 33: 2}",0.4345214669889994,0.002000570297241211
0.85,1.0,3.0,"{0: 0, 1: 0, 2: 0, 3: 0, 4: 1, 5: 1, 6: 1, 7: 0, 8: 2, 9: 2, 10: 1, 11: 0, 12: 0, 13: 0, 14: 2, 15: 2, 16: 1, 17: 0, 18: 2, 19: 0, 20: 2, 21: 0, 22: 2, 23: 2, 24: 2, 25: 2, 26: 2, 27: 2, 28: 2, 29: 2, 30: 2, 31: 2, 32: 2, 33: 2}",0.4345214669889994,0.0029997825622558594
0.85,1.0,3.0,"{0: 0, 1: 0, 2: 0, 3: 0, 4: 1, 5: 1, 6: 1, 7: 0, 8: 2, 9: 2, 10: 1, 11: 0, 12: 0, 13: 0, 14: 2, 15: 2, 16: 1, 17: 0, 18: 2, 19: 0, 20: 2, 21: 0, 22: 2, 23: 2, 24: 2, 25: 2, 26: 2, 27: 2, 28: 2, 29: 2, 30: 2, 31: 2, 32: 2, 33: 2}",0.4345214669889994,0.004000663757324219
0.85,1.0,3.0,"{0: 0, 1: 0, 2: 0, 3: 0, 4: 1, 5: 1, 6: 1, 7: 0, 8: 2, 9: 2, 10: 1, 11: 0, 12: 0, 13: 0, 14: 2, 15: 2, 16: 1, 17: 0, 18: 2, 19: 0, 20: 2, 21: 0, 22: 2, 23: 2, 24: 2, 25: 2, 26: 2, 27: 2, 28: 2, 29: 2, 30: 2, 31: 2, 32: 2, 33: 2}",0.4345214669889994,0.0020020008087158203
0.85,1.0,3.0,"{0: 0, 1: 0, 2: 0, 3: 0, 4: 1, 5: 1, 6: 1, 7: 0, 8: 2, 9: 2, 10: 1, 11: 0, 12: 0, 13: 0, 14: 2, 15: 2, 16: 1, 17: 0, 18: 2, 19: 0, 20: 2, 21: 0, 22: 2, 23: 2, 24: 2, 25: 2, 26: 2, 27: 2, 28: 2, 29: 2, 30: 2, 31: 2, 32: 2, 33: 2}",0.4345214669889994,0.0010004043579101562
0.85,1.0,3.0,"{0: 0, 1: 0, 2: 0, 3: 0, 4: 1, 5: 1, 6: 1, 7: 0, 8: 2, 9: 2, 10: 1, 11: 0, 12: 0, 13: 0, 14: 2, 15: 2, 16: 1, 17: 0, 18: 2, 19: 0, 20: 2, 21: 0, 22: 2, 23: 2, 24: 2, 25: 2, 26: 2, 27: 2, 28: 2, 29: 2, 30: 2, 31: 2, 32: 2, 33: 2}",0.4345214669889994,0.0009999275207519531
0.85,1.0,2.0,"{0: 0, 1: 0, 2: 0, 3: 0, 4: 0, 5: 0, 6: 0, 7: 0, 8: 1, 9: 1, 10: 0, 11: 0, 12: 0, 13: 0, 14: 1, 15: 1, 16: 0, 17: 0, 18: 1, 19: 0, 20: 1, 21: 0, 22: 1, 23: 1, 24: 1, 25: 1, 26: 1, 27: 1, 28: 1, 29: 1, 30: 1, 31: 1, 32: 1, 33: 1}",0.40362811791383213,0.0010004043579101562
0.85,1.0,3.0,"{0: 0, 1: 0, 2: 0, 3: 0, 4: 1, 5: 1, 6: 1, 7: 0, 8: 2, 9: 2, 10: 1, 11: 0, 12: 0, 13: 0, 14: 2, 15: 2, 16: 1, 17: 0, 18: 2, 19: 0, 20: 2, 21: 0, 22: 2, 23: 2, 24: 2, 25: 2, 26: 2, 27: 2, 28: 2, 29: 2, 30: 2, 31: 2, 32: 2, 33: 2}",0.4345214669889994,0.002000093460083008
0.85,1.0,3.0,"{0: 0, 1: 0, 2: 0, 3: 0, 4: 1, 5: 1, 6: 1, 7: 0, 8: 2, 9: 2, 10: 1, 11: 0, 12: 0, 13: 0, 14: 2, 15: 2, 16: 1, 17: 0, 18: 2, 19: 0, 20: 2, 21: 0, 22: 2, 23: 2, 24: 2, 25: 2, 26: 2, 27: 2, 28: 2, 29: 2, 30: 2, 31: 2, 32: 2, 33: 2}",0.4345214669889994,0.0009996891021728516
0.85,1.0,2.0,"{0: 0, 1: 0, 2: 0, 3: 0, 4: 0, 5: 0, 6: 0, 7: 0, 8: 1, 9: 1, 10: 0, 11: 0, 12: 0, 13: 0, 14: 1, 15: 1, 16: 0, 17: 0, 18: 1, 19: 0, 20: 1, 21: 0, 22: 1, 23: 1, 24: 1, 25: 1, 26: 1, 27: 1, 28: 1, 29: 1, 30: 1, 31: 1, 32: 1, 33: 1}",0.40362811791383213,0.002000570297241211
0.8894736842105263,1.0,3.0,"{0: 0, 1: 0, 2: 0, 3: 0, 4: 1, 5: 1, 6: 1, 7: 0, 8: 2, 9: 2, 10: 1, 11: 0, 12: 0, 13: 0, 14: 2, 15: 2, 16: 1, 17: 0, 18: 2, 19: 0, 20: 2, 21: 0, 22: 2, 23: 2, 24: 2, 25: 2, 26: 2, 27: 2, 28: 2, 29: 2, 30: 2, 31: 2, 32: 2, 33: 2}",0.4345214669889994,0.0020003318786621094
0.8894736842105263,1.0,3.0,"{0: 0, 1: 0, 2: 0, 3: 0, 4: 1, 5: 1, 6: 1, 7: 0, 8: 2, 9: 2, 10: 1, 11: 0, 12: 0, 13: 0, 14: 2, 15: 2, 16: 1, 17: 0, 18: 2, 19: 0, 20: 2, 21: 0, 22: 2, 23: 2, 24: 2, 25: 2, 26: 2, 27: 2, 28: 2, 29: 2, 30: 2, 31: 2, 32: 2, 33: 2}",0.4345214669889994,0.0030002593994140625
0.8894736842105263,1.0,3.0,"{0: 1, 1: 1, 2: 1, 3: 1, 4: 0, 5: 0, 6: 0, 7: 1, 8: 2, 9: 2, 10: 0, 11: 1, 12: 1, 13: 1, 14: 2, 15: 2, 16: 0, 17: 1, 18: 2, 19: 1, 20: 2, 21: 1, 22: 2, 23: 2, 24: 2, 25: 2, 26: 2, 27: 2, 28: 2, 29: 2, 30: 2, 31: 2, 32: 2, 33: 2}",0.4345214669889994,0.003999948501586914
0.8894736842105263,1.0,3.0,"{0: 0, 1: 0, 2: 0, 3: 0, 4: 1, 5: 1, 6: 1, 7: 0, 8: 2, 9: 2, 10: 1, 11: 0, 12: 0, 13: 0, 14: 2, 15: 2, 16: 1, 17: 0, 18: 2, 19: 0, 20: 2, 21: 0, 22: 2, 23: 2, 24: 2, 25: 2, 26: 2, 27: 2, 28: 2, 29: 2, 30: 2, 31: 2, 32: 2, 33: 2}",0.4345214669889994,0.0029981136322021484
0.8894736842105263,1.0,3.0,"{0: 1, 1: 1, 2: 1, 3: 1, 4: 0, 5: 0, 6: 0, 7: 1, 8: 2, 9: 2, 10: 0, 11: 1, 12: 1, 13: 1, 14: 2, 15: 2, 16: 0, 17: 1, 18: 2, 19: 1, 20: 2, 21: 1, 22: 2, 23: 2, 24: 2, 25: 2, 26: 2, 27: 2, 28: 2, 29: 2, 30: 2, 31: 2, 32: 2, 33: 2}",0.4345214669889994,0.0019998550415039062
0.8894736842105263,1.0,3.0,"{0: 0, 1: 0, 2: 0, 3: 0, 4: 1, 5: 1, 6: 1, 7: 0, 8: 2, 9: 2, 10: 1, 11: 0, 12: 0, 13: 0, 14: 2, 15: 2, 16: 1, 17: 0, 18: 2, 19: 0, 20: 2, 21: 0, 22: 2, 23: 2, 24: 2, 25: 2, 26: 2, 27: 2, 28: 2, 29: 2, 30: 2, 31: 2, 32: 2, 33: 2}",0.4345214669889994,0.0019998550415039062
0.8894736842105263,1.0,3.0,"{0: 0, 1: 0, 2: 0, 3: 0, 4: 1, 5: 1, 6: 1, 7: 0, 8: 2, 9: 2, 10: 1, 11: 0, 12: 0, 13: 0, 14: 2, 15: 2, 16: 1, 17: 0, 18: 2, 19: 0, 20: 2, 21: 0, 22: 2, 23: 2, 24: 2, 25: 2, 26: 2, 27: 2, 28: 2, 29: 2, 30: 2, 31: 2, 32: 2, 33: 2}",0.4345214669889994,0.002001047134399414
0.8894736842105263,1.0,3.0,"{0: 0, 1: 0, 2: 0, 3: 0, 4: 1, 5: 1, 6: 1, 7: 0, 8: 2, 9: 2, 10: 1, 11: 0, 12: 0, 13: 0, 14: 2, 15: 2, 16: 1, 17: 0, 18: 2, 19: 0, 20: 2, 21: 0, 22: 2, 23: 2, 24: 2, 25: 2, 26: 2, 27: 2, 28: 2, 29: 2, 30: 2, 31: 2, 32: 2, 33: 2}",0.4345214669889994,0.0029990673065185547
0.8894736842105263,1.0,3.0,"{0: 0, 1: 0, 2: 0, 3: 0, 4: 1, 5: 1, 6: 1, 7: 0, 8: 2, 9: 2, 10: 1, 11: 0, 12: 0, 13: 0, 14: 2, 15: 2, 16: 1, 17: 0, 18: 2, 19: 0, 20: 2, 21: 0, 22: 2, 23: 2, 24: 2, 25: 2, 26: 2, 27: 2, 28: 2, 29: 2, 30: 2, 31: 2, 32: 2, 33: 2}",0.4345214669889994,0.001998424530029297
0.8894736842105263,1.0,3.0,"{0: 1, 1: 0, 2: 0, 3: 0, 4: 1, 5: 1, 6: 1, 7: 0, 8: 2, 9: 2, 10: 1, 11: 1, 12: 0, 13: 0, 14: 2, 15: 2, 16: 1, 17: 1, 18: 2, 19: 1, 20: 2, 21: 1, 22: 2, 23: 2, 24: 2, 25: 2, 26: 2, 27: 2, 28: 2, 29: 2, 30: 2, 31: 2, 32: 2, 33: 2}",0.4172897809261445,0.001998424530029297
0.9289473684210526,1.0,4.0,"{0: 0, 1: 0, 2: 0, 3: 0, 4: 1, 5: 1, 6: 1, 7: 0, 8: 2, 9: 2, 10: 1, 11: 0, 12: 0, 13: 0, 14: 2, 15: 2, 16: 1, 17: 0, 18: 2, 19: 0, 20: 2, 21: 0, 22: 2, 23: 3, 24: 3, 25: 3, 26: 2, 27: 3, 28: 3, 29: 2, 30: 2, 31: 3, 32: 2, 33: 2}",0.44490358126721763,0.0029993057250976562
0.9289473684210526,1.0,4.0,"{0: 0, 1: 0, 2: 0, 3: 0, 4: 1, 5: 1, 6: 1, 7: 0, 8: 3, 9: 3, 10: 1, 11: 0, 12: 0, 13: 0, 14: 3, 15: 3, 16: 1, 17: 0, 18: 3, 19: 0, 20: 3, 21: 0, 22: 3, 23: 3, 24: 2, 25: 2, 26: 3, 27: 3, 28: 2, 29: 3, 30: 3, 31: 2, 32: 3, 33: 3}",0.4438541256723075,0.0029997825622558594
0.9289473684210526,1.0,4.0,"{0: 0, 1: 0, 2: 0, 3: 0, 4: 0, 5: 1, 6: 1, 7: 0, 8: 2, 9: 2, 10: 0, 11: 0, 12: 0, 13: 0, 14: 2, 15: 2, 16: 1, 17: 0, 18: 2, 19: 0, 20: 2, 21: 0, 22: 2, 23: 2, 24: 3, 25: 3, 26: 2, 27: 2, 28: 3, 29: 2, 30: 2, 31: 3, 32: 2, 33: 2}",0.4231648582297933,0.0029997825622558594
0.9289473684210526,1.0,4.0,"{0: 0, 1: 0, 2: 0, 3: 0, 4: 1, 5: 1, 6: 1, 7: 0, 8: 3, 9: 3, 10: 1, 11: 0, 12: 0, 13: 0, 14: 3, 15: 3, 16: 1, 17: 0, 18: 3, 19: 0, 20: 3, 21: 0, 22: 3, 23: 3, 24: 2, 25: 2, 26: 3, 27: 3, 28: 2, 29: 3, 30: 3, 31: 2, 32: 3, 33: 3}",0.4438541256723075,0.0029997825622558594
0.9289473684210526,1.0,3.0,"{0: 1, 1: 0, 2: 0, 3: 0, 4: 1, 5: 1, 6: 1, 7: 0, 8: 0, 9: 2, 10: 1, 11: 1, 12: 0, 13: 0, 14: 2, 15: 2, 16: 1, 17: 1, 18: 2, 19: 1, 20: 2, 21: 1, 22: 2, 23: 2, 24: 2, 25: 2, 26: 2, 27: 2, 28: 2, 29: 2, 30: 0, 31: 2, 32: 2, 33: 2}",0.4175521448248721,0.0029997825622558594
0.9289473684210526,1.0,3.0,"{0: 0, 1: 0, 2: 0, 3: 0, 4: 1, 5: 1, 6: 1, 7: 0, 8: 2, 9: 2, 10: 1, 11: 0, 12: 0, 13: 0, 14: 2, 15: 2, 16: 1, 17: 0, 18: 2, 19: 0, 20: 2, 21: 0, 22: 2, 23: 2, 24: 2, 25: 2, 26: 2, 27: 2, 28: 2, 29: 2, 30: 2, 31: 2, 32: 2, 33: 2}",0.4345214669889994,0.0019998550415039062
0.9289473684210526,1.0,4.0,"{0: 0, 1: 0, 2: 0, 3: 0, 4: 1, 5: 1, 6: 1, 7: 0, 8: 2, 9: 2, 10: 1, 11: 0, 12: 0, 13: 0, 14: 2, 15: 2, 16: 1, 17: 0, 18: 2, 19: 0, 20: 2, 21: 0, 22: 2, 23: 2, 24: 3, 25: 3, 26: 2, 27: 2, 28: 3, 29: 2, 30: 2, 31: 3, 32: 2, 33: 2}",0.4438541256723075,0.0029997825622558594
0.9289473684210526,1.0,4.0,"{0: 0, 1: 0, 2: 0, 3: 0, 4: 1, 5: 1, 6: 1, 7: 0, 8: 2, 9: 2, 10: 1, 11: 0, 12: 0, 13: 0, 14: 2, 15: 2, 16: 1, 17: 0, 18: 2, 19: 0, 20: 2, 21: 0, 22: 2, 23: 3, 24: 3, 25: 3, 26: 2, 27: 3, 28: 3, 29: 2, 30: 2, 31: 3, 32: 2, 33: 2}",0.44490358126721763,0.0019991397857666016
0.9289473684210526,1.0,4.0,"{0: 0, 1: 0, 2: 0, 3: 0, 4: 1, 5: 1, 6: 1, 7: 0, 8: 3, 9: 3, 10: 1, 11: 0, 12: 0, 13: 0, 14: 3, 15: 3, 16: 1, 17: 0, 18: 3, 19: 0, 20: 3, 21: 0, 22: 3, 23: 3, 24: 2, 25: 2, 26: 3, 27: 3, 28: 2, 29: 3, 30: 3, 31: 2, 32: 3, 33: 3}",0.4438541256723075,0.0010004043579101562
0.9289473684210526,1.0,4.0,"{0: 1, 1: 0, 2: 0, 3: 0, 4: 1, 5: 1, 6: 1, 7: 0, 8: 2, 9: 2, 10: 1, 11: 1, 12: 0, 13: 0, 14: 2, 15: 2, 16: 1, 17: 1, 18: 2, 19: 1, 20: 2, 21: 1, 22: 2, 23: 2, 24: 3, 25: 3, 26: 2, 27: 2, 28: 3, 29: 2, 30: 2, 31: 3, 32: 2, 33: 2}",0.42662243960945256,0.002000093460083008
0.968421052631579,1.0,4.0,"{0: 0, 1: 0, 2: 0, 3: 0, 4: 1, 5: 1, 6: 1, 7: 0, 8: 3, 9: 3, 10: 1, 11: 0, 12: 0, 13: 0, 14: 3, 15: 3, 16: 1, 17: 0, 18: 3, 19: 0, 20: 3, 21: 0, 22: 3, 23: 3, 24: 2, 25: 2, 26: 3, 27: 3, 28: 2, 29: 3, 30: 3, 31: 2, 32: 3, 33: 3}",0.4438541256723075,0.0019996166229248047
0.968421052631579,1.0,4.0,"{0: 0, 1: 0, 2: 0, 3: 0, 4: 1, 5: 1, 6: 1, 7: 0, 8: 3, 9: 3, 10: 1, 11: 0, 12: 0, 13: 0, 14: 3, 15: 3, 16: 1, 17: 0, 18: 3, 19: 0, 20: 3, 21: 0, 22: 3, 23: 3, 24: 2, 25: 2, 26: 3, 27: 3, 28: 2, 29: 3, 30: 3, 31: 2, 32: 3, 33: 3}",0.4438541256723075,0.0019996166229248047
0.968421052631579,1.0,4.0,"{0: 0, 1: 0, 2: 0, 3: 0, 4: 1, 5: 1, 6: 1, 7: 0, 8: 2, 9: 2, 10: 1, 11: 0, 12: 0, 13: 0, 14: 2, 15: 2, 16: 1, 17: 0, 18: 2, 19: 0, 20: 2, 21: 0, 22: 2, 23: 2, 24: 3, 25: 3, 26: 2, 27: 2, 28: 3, 29: 2, 30: 2, 31: 3, 32: 2, 33: 2}",0.4438541256723075,0.0019996166229248047
0.968421052631579,1.0,4.0,"{0: 0, 1: 0, 2: 0, 3: 0, 4: 1, 5: 1, 6: 1, 7: 0, 8: 3, 9: 3, 10: 1, 11: 0, 12: 0, 13: 0, 14: 3, 15: 3, 16: 1, 17: 0, 18: 3, 19: 0, 20: 3, 21: 0, 22: 3, 23: 3, 24: 2, 25: 2, 26: 3, 27: 3, 28: 2, 29: 3, 30: 3, 31: 2, 32: 3, 33: 3}",0.4438541256723075,0.0030002593994140625
0.968421052631579,1.0,3.0,"{0: 0, 1: 0, 2: 0, 3: 0, 4: 1, 5: 1, 6: 1, 7: 0, 8: 2, 9: 2, 10: 1, 11: 0, 12: 0, 13: 0, 14: 2, 15: 2, 16: 1, 17: 0, 18: 2, 19: 0, 20: 2, 21: 0, 22: 2, 23: 2, 24: 2, 25: 2, 26: 2, 27: 2, 28: 2, 29: 2, 30: 2, 31: 2, 32: 2, 33: 2}",0.4345214669889994,0.002000570297241211
0.968421052631579,1.0,4.0,"{0: 0, 1: 0, 2: 0, 3: 0, 4: 1, 5: 1, 6: 1, 7: 0, 8: 3, 9: 3, 10: 1, 11: 0, 12: 0, 13: 0, 14: 3, 15: 3, 16: 1, 17: 0, 18: 3, 19: 0, 20: 3, 21: 0, 22: 3, 23: 2, 24: 2, 25: 2, 26: 3, 27: 2, 28: 3, 29: 3, 30: 3, 31: 2, 32: 3, 33: 3}",0.44018103109012197,0.002000570297241211
0.968421052631579,1.0,4.0,"{0: 1, 1: 0, 2: 0, 3: 0, 4: 1, 5: 1, 6: 1, 7: 0, 8: 2, 9: 2, 10: 1, 11: 1, 12: 0, 13: 0, 14: 2, 15: 2, 16: 1, 17: 1, 18: 2, 19: 1, 20: 2, 21: 1, 22: 2, 23: 2, 24: 3, 25: 3, 26: 2, 27: 2, 28: 3, 29: 2, 30: 2, 31: 3, 32: 2, 33: 2}",0.42662243960945256,0.002000570297241211
0.968421052631579,1.0,4.0,"{0: 0, 1: 0, 2: 0, 3: 0, 4: 1, 5: 1, 6: 1, 7: 0, 8: 2, 9: 2, 10: 1, 11: 0, 12: 0, 13: 0, 14: 2, 15: 2, 16: 1, 17: 0, 18: 2, 19: 0, 20: 2, 21: 0, 22: 2, 23: 2, 24: 3, 25: 3, 26: 2, 27: 2, 28: 3, 29: 2, 30: 2, 31: 3, 32: 2, 33: 2}",0.4438541256723075,0.003000020980834961
0.968421052631579,1.0,4.0,"{0: 0, 1: 0, 2: 0, 3: 0, 4: 1, 5: 1, 6: 1, 7: 0, 8: 2, 9: 2, 10: 1, 11: 0, 12: 0, 13: 0, 14: 2, 15: 2, 16: 1, 17: 0, 18: 2, 19: 0, 20: 2, 21: 0, 22: 2, 23: 2, 24: 3, 25: 3, 26: 2, 27: 2, 28: 3, 29: 2, 30: 2, 31: 3, 32: 2, 33: 2}",0.4438541256723075,0.0010001659393310547
0.968421052631579,1.0,4.0,"{0: 0, 1: 0, 2: 0, 3: 0, 4: 1, 5: 1, 6: 1, 7: 0, 8: 2, 9: 2, 10: 1, 11: 0, 12: 0, 13: 0, 14: 2, 15: 2, 16: 1, 17: 0, 18: 2, 19: 0, 20: 2, 21: 0, 22: 2, 23: 2, 24: 3, 25: 3, 26: 2, 27: 2, 28: 3, 29: 2, 30: 2, 31: 3, 32: 2, 33: 2}",0.4438541256723075,0.0010001659393310547
1.0078947368421052,1.0,4.0,"{0: 0, 1: 0, 2: 0, 3: 0, 4: 1, 5: 1, 6: 1, 7: 0, 8: 2, 9: 2, 10: 1, 11: 0, 12: 0, 13: 0, 14: 2, 15: 2, 16: 1, 17: 0, 18: 2, 19: 0, 20: 2, 21: 0, 22: 2, 23: 2, 24: 3, 25: 3, 26: 2, 27: 2, 28: 3, 29: 2, 30: 2, 31: 3, 32: 2, 33: 2}",0.4438541256723075,0.0010004043579101562
1.0078947368421052,1.0,4.0,"{0: 0, 1: 0, 2: 0, 3: 0, 4: 1, 5: 1, 6: 1, 7: 0, 8: 3, 9: 3, 10: 1, 11: 0, 12: 0, 13: 0, 14: 3, 15: 3, 16: 1, 17: 0, 18: 3, 19: 0, 20: 3, 21: 0, 22: 3, 23: 2, 24: 2, 25: 2, 26: 3, 27: 2, 28: 2, 29: 3, 30: 3, 31: 2, 32: 3, 33: 3}",0.44490358126721763,0.0010004043579101562
1.0078947368421052,1.0,4.0,"{0: 0, 1: 0, 2: 0, 3: 0, 4: 1, 5: 1, 6: 1, 7: 0, 8: 3, 9: 3, 10: 1, 11: 0, 12: 0, 13: 0, 14: 3, 15: 3, 16: 1, 17: 0, 18: 3, 19: 0, 20: 3, 21: 0, 22: 3, 23: 3, 24: 2, 25: 2, 26: 3, 27: 3, 28: 2, 29: 3, 30: 3, 31: 2, 32: 3, 33: 3}",0.4438541256723075,0.0010004043579101562
1.0078947368421052,1.0,4.0,"{0: 0, 1: 0, 2: 0, 3: 0, 4: 1, 5: 1, 6: 1, 7: 0, 8: 2, 9: 2, 10: 1, 11: 0, 12: 0, 13: 0, 14: 2, 15: 2, 16: 1, 17: 0, 18: 2, 19: 0, 20: 2, 21: 0, 22: 2, 23: 2, 24: 3, 25: 3, 26: 2, 27: 2, 28: 3, 29: 2, 30: 2, 31: 3, 32: 2, 33: 2}",0.4438541256723075,0.0020003318786621094
1.0078947368421052,1.0,4.0,"{0: 1, 1: 1, 2: 1, 3: 1, 4: 0, 5: 0, 6: 0, 7: 1, 8: 2, 9: 2, 10: 0, 11: 1, 12: 1, 13: 1, 14: 2, 15: 2, 16: 0, 17: 1, 18: 2, 19: 1, 20: 2, 21: 1, 22: 2, 23: 2, 24: 3, 25: 3, 26: 2, 27: 2, 28: 3, 29: 2, 30: 2, 31: 3, 32: 2, 33: 2}",0.4438541256723075,0.0019998550415039062
1.0078947368421052,1.0,4.0,"{0: 1, 1: 0, 2: 0, 3: 0, 4: 1, 5: 1, 6: 1, 7: 0, 8: 2, 9: 2, 10: 1, 11: 1, 12: 0, 13: 0, 14: 2, 15: 2, 16: 1, 17: 1, 18: 2, 19: 1, 20: 2, 21: 1, 22: 2, 23: 2, 24: 3, 25: 3, 26: 2, 27: 2, 28: 3, 29: 2, 30: 2, 31: 3, 32: 2, 33: 2}",0.42662243960945256,0.003000020980834961
1.0078947368421052,1.0,4.0,"{0: 1, 1: 1, 2: 1, 3: 1, 4: 0, 5: 0, 6: 0, 7: 1, 8: 3, 9: 3, 10: 0, 11: 1, 12: 1, 13: 1, 14: 3, 15: 3, 16: 0, 17: 1, 18: 3, 19: 1, 20: 3, 21: 1, 22: 3, 23: 2, 24: 2, 25: 2, 26: 3, 27: 2, 28: 2, 29: 3, 30: 3, 31: 2, 32: 3, 33: 3}",0.44490358126721763,0.0009999275207519531
1.0078947368421052,1.0,4.0,"{0: 0, 1: 1, 2: 1, 3: 1, 4: 0, 5: 0, 6: 0, 7: 1, 8: 2, 9: 2, 10: 0, 11: 0, 12: 1, 13: 1, 14: 2, 15: 2, 16: 0, 17: 0, 18: 2, 19: 0, 20: 2, 21: 0, 22: 2, 23: 3, 24: 3, 25: 3, 26: 2, 27: 3, 28: 3, 29: 2, 30: 2, 31: 3, 32: 2, 33: 2}",0.4276718952043627,0.0019991397857666016
1.0078947368421052,1.0,4.0,"{0: 0, 1: 0, 2: 0, 3: 0, 4: 1, 5: 1, 6: 1, 7: 0, 8: 3, 9: 3, 10: 1, 11: 0, 12: 0, 13: 0, 14: 3, 15: 3, 16: 1, 17: 0, 18: 3, 19: 0, 20: 3, 21: 0, 22: 3, 23: 2, 24: 2, 25: 2, 26: 3, 27: 2, 28: 2, 29: 3, 30: 3, 31: 2, 32: 3, 33: 3}",0.44490358126721763,0.0009989738464355469
1.0078947368421052,1.0,4.0,"{0: 0, 1: 0, 2: 0, 3: 0, 4: 1, 5: 1, 6: 1, 7: 0, 8: 3, 9: 3, 10: 1, 11: 0, 12: 0, 13: 0, 14: 3, 15: 3, 16: 1, 17: 0, 18: 3, 19: 0, 20: 3, 21: 0, 22: 3, 23: 2, 24: 2, 25: 2, 26: 3, 27: 2, 28: 2, 29: 3, 30: 3, 31: 2, 32: 3, 33: 3}",0.44490358126721763,0.0019998550415039062
1.0473684210526315,1.0,4.0,"{0: 0, 1: 0, 2: 0, 3: 0, 4: 1, 5: 1, 6: 1, 7: 0, 8: 3, 9: 3, 10: 1, 11: 0, 12: 0, 13: 0, 14: 3, 15: 3, 16: 1, 17: 0, 18: 3, 19: 0, 20: 3, 21: 0, 22: 3, 23: 3, 24: 2, 25: 2, 26: 3, 27: 3, 28: 2, 29: 3, 30: 3, 31: 2, 32: 3, 33: 3}",0.4438541256723075,0.0010004043579101562
1.0473684210526315,1.0,4.0,"{0: 0, 1: 0, 2: 0, 3: 0, 4: 1, 5: 1, 6: 1, 7: 0, 8: 3, 9: 3, 10: 1, 11: 0, 12: 0, 13: 0, 14: 3, 15: 3, 16: 1, 17: 0, 18: 3, 19: 0, 20: 3, 21: 0, 22: 3, 23: 2, 24: 2, 25: 2, 26: 3, 27: 2, 28: 2, 29: 3, 30: 3, 31: 2, 32: 3, 33: 3}",0.44490358126721763,0.0030007362365722656
1.0473684210526315,1.0,4.0,"{0: 1, 1: 1, 2: 1, 3: 1, 4: 0, 5: 0, 6: 0, 7: 1, 8: 3, 9: 3, 10: 0, 11: 1, 12: 1, 13: 1, 14: 3, 15: 3, 16: 0, 17: 1, 18: 3, 19: 1, 20: 3, 21: 1, 22: 3, 23: 2, 24: 2, 25: 2, 26: 3, 27: 2, 28: 2, 29: 3, 30: 3, 31: 2, 32: 3, 33: 3}",0.44490358126721763,0.0019998550415039062
1.0473684210526315,1.0,4.0,"{0: 1, 1: 1, 2: 1, 3: 1, 4: 0, 5: 0, 6: 0, 7: 1, 8: 2, 9: 2, 10: 0, 11: 1, 12: 1, 13: 1, 14: 2, 15: 2, 16: 0, 17: 1, 18: 2, 19: 1, 20: 2, 21: 1, 22: 2, 23: 3, 24: 3, 25: 3, 26: 2, 27: 3, 28: 3, 29: 2, 30: 2, 31: 3, 32: 2, 33: 2}",0.44490358126721763,0.0020003318786621094
1.0473684210526315,1.0,4.0,"{0: 1, 1: 0, 2: 0, 3: 0, 4: 1, 5: 1, 6: 1, 7: 0, 8: 2, 9: 2, 10: 1, 11: 1, 12: 0, 13: 0, 14: 2, 15: 2, 16: 1, 17: 1, 18: 2, 19: 1, 20: 2, 21: 1, 22: 2, 23: 3, 24: 3, 25: 3, 26: 2, 27: 3, 28: 3, 29: 2, 30: 2, 31: 3, 32: 2, 33: 2}",0.4276718952043627,0.002001047134399414
1.0473684210526315,1.0,4.0,"{0: 0, 1: 0, 2: 0, 3: 0, 4: 1, 5: 1, 6: 1, 7: 0, 8: 3, 9: 3, 10: 1, 11: 0, 12: 0, 13: 0, 14: 3, 15: 3, 16: 1, 17: 0, 18: 3, 19: 0, 20: 3, 21: 0, 22: 3, 23: 3, 24: 2, 25: 2, 26: 3, 27: 3, 28: 2, 29: 3, 30: 3, 31: 2, 32: 3, 33: 3}",0.4438541256723075,0.0010008811950683594
1.0473684210526315,1.0,4.0,"{0: 2, 1: 1, 2: 1, 3: 1, 4: 2, 5: 2, 6: 2, 7: 1, 8: 0, 9: 3, 10: 2, 11: 2, 12: 1, 13: 1, 14: 3, 15: 3, 16: 2, 17: 2, 18: 3, 19: 2, 20: 3, 21: 2, 22: 3, 23: 3, 24: 3, 25: 3, 26: 3, 27: 3, 28: 3, 29: 3, 30: 0, 31: 3, 32: 3, 33: 3}",0.41715859897678076,0.003000020980834961
1.0473684210526315,1.0,4.0,"{0: 0, 1: 0, 2: 0, 3: 0, 4: 1, 5: 1, 6: 1, 7: 0, 8: 2, 9: 2, 10: 1, 11: 0, 12: 0, 13: 0, 14: 2, 15: 2, 16: 1, 17: 0, 18: 2, 19: 0, 20: 2, 21: 0, 22: 2, 23: 3, 24: 3, 25: 3, 26: 2, 27: 3, 28: 3, 29: 2, 30: 2, 31: 3, 32: 2, 33: 2}",0.44490358126721763,0.0009996891021728516
1.0473684210526315,1.0,4.0,"{0: 0, 1: 0, 2: 0, 3: 0, 4: 1, 5: 1, 6: 1, 7: 0, 8: 3, 9: 3, 10: 1, 11: 0, 12: 0, 13: 0, 14: 3, 15: 3, 16: 1, 17: 0, 18: 3, 19: 0, 20: 3, 21: 0, 22: 3, 23: 2, 24: 2, 25: 2, 26: 3, 27: 2, 28: 2, 29: 3, 30: 3, 31: 2, 32: 3, 33: 3}",0.44490358126721763,0.002998828887939453
1.0473684210526315,1.0,4.0,"{0: 1, 1: 0, 2: 0, 3: 0, 4: 1, 5: 1, 6: 1, 7: 0, 8: 2, 9: 2, 10: 1, 11: 1, 12: 0, 13: 0, 14: 2, 15: 2, 16: 1, 17: 1, 18: 2, 19: 1, 20: 2, 21: 1, 22: 2, 23: 2, 24: 3, 25: 3, 26: 2, 27: 2, 28: 3, 29: 2, 30: 2, 31: 3, 32: 2, 33: 2}",0.42662243960945256,0.0009996891021728516
1.0868421052631578,1.0,4.0,"{0: 0, 1: 0, 2: 0, 3: 0, 4: 1, 5: 1, 6: 1, 7: 0, 8: 3, 9: 3, 10: 1, 11: 0, 12: 0, 13: 0, 14: 3, 15: 3, 16: 1, 17: 0, 18: 3, 19: 0, 20: 3, 21: 0, 22: 3, 23: 2, 24: 2, 25: 2, 26: 3, 27: 2, 28: 2, 29: 3, 30: 3, 31: 2, 32: 3, 33: 3}",0.44490358126721763,0.0009868144989013672
1.0868421052631578,1.0,4.0,"{0: 1, 1: 1, 2: 1, 3: 1, 4: 0, 5: 0, 6: 0, 7: 1, 8: 3, 9: 3, 10: 0, 11: 1, 12: 1, 13: 1, 14: 3, 15: 3, 16: 0, 17: 1, 18: 3, 19: 1, 20: 3, 21: 1, 22: 3, 23: 2, 24: 2, 25: 2, 26: 3, 27: 2, 28: 2, 29: 3, 30: 3, 31: 2, 32: 3, 33: 3}",0.44490358126721763,0.0009868144989013672
1.0868421052631578,1.0,4.0,"{0: 1, 1: 1, 2: 1, 3: 1, 4: 0, 5: 0, 6: 0, 7: 1, 8: 2, 9: 2, 10: 0, 11: 1, 12: 1, 13: 1, 14: 2, 15: 2, 16: 0, 17: 1, 18: 2, 19: 1, 20: 2, 21: 1, 22: 2, 23: 3, 24: 3, 25: 3, 26: 2, 27: 3, 28: 3, 29: 2, 30: 2, 31: 3, 32: 2, 33: 2}",0.44490358126721763,0.0009868144989013672
1.0868421052631578,1.0,4.0,"{0: 0, 1: 1, 2: 1, 3: 1, 4: 0, 5: 0, 6: 0, 7: 1, 8: 3, 9: 3, 10: 0, 11: 0, 12: 1, 13: 1, 14: 3, 15: 3, 16: 0, 17: 0, 18: 3, 19: 0, 20: 3, 21: 0, 22: 3, 23: 2, 24: 2, 25: 2, 26: 3, 27: 2, 28: 2, 29: 3, 30: 3, 31: 2, 32: 3, 33: 3}",0.4276718952043627,0.0019860267639160156
1.0868421052631578,1.0,4.0,"{0: 0, 1: 0, 2: 0, 3: 0, 4: 1, 5: 1, 6: 1, 7: 0, 8: 2, 9: 2, 10: 1, 11: 0, 12: 0, 13: 0, 14: 2, 15: 2, 16: 1, 17: 0, 18: 2, 19: 0, 20: 2, 21: 0, 22: 2, 23: 3, 24: 3, 25: 3, 26: 2, 27: 3, 28: 3, 29: 2, 30: 2, 31: 3, 32: 2, 33: 2}",0.44490358126721763,0.002000570297241211
1.0868421052631578,1.0,4.0,"{0: 1, 1: 1, 2: 1, 3: 1, 4: 0, 5: 0, 6: 0, 7: 1, 8: 3, 9: 3, 10: 0, 11: 1, 12: 1, 13: 1, 14: 3, 15: 3, 16: 0, 17: 1, 18: 3, 19: 1, 20: 3, 21: 1, 22: 3, 23: 2, 24: 2, 25: 2, 26: 3, 27: 2, 28: 2, 29: 3, 30: 3, 31: 2, 32: 3, 33: 3}",0.44490358126721763,0.0010004043579101562
1.0868421052631578,1.0,4.0,"{0: 0, 1: 0, 2: 0, 3: 0, 4: 1, 5: 1, 6: 1, 7: 0, 8: 2, 9: 2, 10: 1, 11: 0, 12: 0, 13: 0, 14: 2, 15: 2, 16: 1, 17: 0, 18: 2, 19: 0, 20: 2, 21: 0, 22: 2, 23: 3, 24: 3, 25: 3, 26: 2, 27: 3, 28: 3, 29: 2, 30: 2, 31: 3, 32: 2, 33: 2}",0.44490358126721763,0.0030031204223632812
1.0868421052631578,1.0,4.0,"{0: 0, 1: 0, 2: 0, 3: 0, 4: 1, 5: 1, 6: 1, 7: 0, 8: 3, 9: 3, 10: 1, 11: 0, 12: 0, 13: 0, 14: 3, 15: 3, 16: 1, 17: 0, 18: 3, 19: 0, 20: 3, 21: 0, 22: 3, 23: 2, 24: 2, 25: 2, 26: 3, 27: 2, 28: 3, 29: 3, 30: 3, 31: 2, 32: 3, 33: 3}",0.44018103109012197,0.002002716064453125
1.0868421052631578,1.0,4.0,"{0: 0, 1: 0, 2: 0, 3: 0, 4: 1, 5: 1, 6: 1, 7: 0, 8: 3, 9: 3, 10: 1, 11: 0, 12: 0, 13: 0, 14: 3, 15: 3, 16: 1, 17: 0, 18: 3, 19: 0, 20: 3, 21: 0, 22: 3, 23: 2, 24: 2, 25: 2, 26: 3, 27: 2, 28: 2, 29: 3, 30: 3, 31: 2, 32: 3, 33: 3}",0.44490358126721763,0.0010025501251220703
1.0868421052631578,1.0,4.0,"{0: 0, 1: 0, 2: 0, 3: 0, 4: 1, 5: 1, 6: 1, 7: 0, 8: 3, 9: 3, 10: 1, 11: 0, 12: 0, 13: 0, 14: 3, 15: 3, 16: 1, 17: 0, 18: 3, 19: 0, 20: 3, 21: 0, 22: 3, 23: 2, 24: 2, 25: 2, 26: 3, 27: 2, 28: 2, 29: 3, 30: 3, 31: 2, 32: 3, 33: 3}",0.44490358126721763,0.0020003318786621094
1.1263157894736842,1.0,4.0,"{0: 0, 1: 0, 2: 0, 3: 0, 4: 2, 5: 2, 6: 2, 7: 0, 8: 1, 9: 3, 10: 2, 11: 0, 12: 0, 13: 0, 14: 3, 15: 3, 16: 2, 17: 0, 18: 3, 19: 0, 20: 3, 21: 0, 22: 3, 23: 3, 24: 3, 25: 3, 26: 3, 27: 3, 28: 3, 29: 3, 30: 1, 31: 3, 32: 3, 33: 3}",0.43439028503963567,0.0019805431365966797
1.1263157894736842,1.0,4.0,"{0: 0, 1: 0, 2: 0, 3: 0, 4: 1, 5: 1, 6: 1, 7: 0, 8: 2, 9: 2, 10: 1, 11: 0, 12: 0, 13: 0, 14: 2, 15: 2, 16: 1, 17: 0, 18: 2, 19: 0, 20: 2, 21: 0, 22: 2, 23: 2, 24: 3, 25: 3, 26: 2, 27: 2, 28: 3, 29: 2, 30: 2, 31: 3, 32: 2, 33: 2}",0.4438541256723075,0.0009989738464355469
1.1263157894736842,1.0,4.0,"{0: 0, 1: 0, 2: 0, 3: 0, 4: 1, 5: 1, 6: 1, 7: 0, 8: 3, 9: 3, 10: 1, 11: 0, 12: 0, 13: 0, 14: 3, 15: 3, 16: 1, 17: 0, 18: 3, 19: 0, 20: 3, 21: 0, 22: 3, 23: 2, 24: 2, 25: 2, 26: 3, 27: 2, 28: 2, 29: 3, 30: 3, 31: 2, 32: 3, 33: 3}",0.44490358126721763,0.0009989738464355469
1.1263157894736842,1.0,4.0,"{0: 0, 1: 0, 2: 0, 3: 0, 4: 1, 5: 1, 6: 1, 7: 0, 8: 3, 9: 3, 10: 1, 11: 0, 12: 0, 13: 0, 14: 3, 15: 3, 16: 1, 17: 0, 18: 3, 19: 0, 20: 3, 21: 0, 22: 3, 23: 2, 24: 2, 25: 2, 26: 3, 27: 2, 28: 2, 29: 3, 30: 3, 31: 2, 32: 3, 33: 3}",0.44490358126721763,0.0019998550415039062
1.1263157894736842,1.0,4.0,"{0: 1, 1: 1, 2: 1, 3: 1, 4: 0, 5: 0, 6: 0, 7: 1, 8: 2, 9: 2, 10: 0, 11: 1, 12: 1, 13: 1, 14: 2, 15: 2, 16: 0, 17: 1, 18: 2, 19: 1, 20: 2, 21: 1, 22: 2, 23: 3, 24: 3, 25: 3, 26: 2, 27: 3, 28: 3, 29: 2, 30: 2, 31: 3, 32: 2, 33: 2}",0.44490358126721763,0.002000093460083008
1.1263157894736842,1.0,4.0,"{0: 0, 1: 0, 2: 0, 3: 0, 4: 1, 5: 1, 6: 1, 7: 0, 8: 2, 9: 2, 10: 1, 11: 0, 12: 0, 13: 0, 14: 2, 15: 2, 16: 1, 17: 0, 18: 2, 19: 0, 20: 2, 21: 0, 22: 2, 23: 3, 24: 3, 25: 3, 26: 2, 27: 3, 28: 2, 29: 2, 30: 2, 31: 3, 32: 2, 33: 2}",0.44018103109012197,0.002000093460083008
1.1263157894736842,1.0,4.0,"{0: 1, 1: 1, 2: 1, 3: 1, 4: 0, 5: 0, 6: 0, 7: 1, 8: 2, 9: 2, 10: 0, 11: 1, 12: 1, 13: 1, 14: 2, 15: 2, 16: 0, 17: 1, 18: 2, 19: 1, 20: 2, 21: 1, 22: 2, 23: 3, 24: 3, 25: 3, 26: 2, 27: 3, 28: 3, 29: 2, 30: 2, 31: 3, 32: 2, 33: 2}",0.44490358126721763,0.0019996166229248047
1.1263157894736842,1.0,4.0,"{0: 0, 1: 0, 2: 0, 3: 0, 4: 1, 5: 1, 6: 1, 7: 0, 8: 3, 9: 3, 10: 1, 11: 0, 12: 0, 13: 0, 14: 3, 15: 3, 16: 1, 17: 0, 18: 3, 19: 0, 20: 3, 21: 0, 22: 3, 23: 2, 24: 2, 25: 2, 26: 3, 27: 2, 28: 2, 29: 3, 30: 3, 31: 2, 32: 3, 33: 3}",0.44490358126721763,0.0020008087158203125
1.1263157894736842,1.0,4.0,"{0: 0, 1: 0, 2: 0, 3: 0, 4: 1, 5: 1, 6: 1, 7: 0, 8: 3, 9: 3, 10: 1, 11: 0, 12: 0, 13: 0, 14: 3, 15: 3, 16: 1, 17: 0, 18: 3, 19: 0, 20: 3, 21: 0, 22: 3, 23: 2, 24: 2, 25: 2, 26: 3, 27: 2, 28: 2, 29: 3, 30: 3, 31: 2, 32: 3, 33: 3}",0.44490358126721763,0.0030012130737304688
1.1263157894736842,1.0,4.0,"{0: 0, 1: 0, 2: 0, 3: 0, 4: 2, 5: 2, 6: 2, 7: 0, 8: 1, 9: 1, 10: 2, 11: 0, 12: 0, 13: 0, 14: 1, 15: 1, 16: 2, 17: 0, 18: 1, 19: 0, 20: 1, 21: 0, 22: 1, 23: 1, 24: 3, 25: 3, 26: 1, 27: 1, 28: 3, 29: 1, 30: 1, 31: 3, 32: 1, 33: 1}",0.4438541256723075,0.0020008087158203125
1.1657894736842105,1.0,4.0,"{0: 1, 1: 1, 2: 1, 3: 1, 4: 0, 5: 0, 6: 0, 7: 1, 8: 3, 9: 3, 10: 0, 11: 1, 12: 1, 13: 1, 14: 3, 15: 3, 16: 0, 17: 1, 18: 3, 19: 1, 20: 3, 21: 1, 22: 3, 23: 2, 24: 2, 25: 2, 26: 3, 27: 2, 28: 2, 29: 3, 30: 3, 31: 2, 32: 3, 33: 3}",0.44490358126721763,0.0010004043579101562
1.1657894736842105,1.0,4.0,"{0: 0, 1: 0, 2: 0, 3: 0, 4: 1, 5: 1, 6: 1, 7: 0, 8: 3, 9: 3, 10: 1, 11: 0, 12: 0, 13: 0, 14: 3, 15: 3, 16: 1, 17: 0, 18: 3, 19: 0, 20: 3, 21: 0, 22: 3, 23: 3, 24: 2, 25: 2, 26: 3, 27: 3, 28: 2, 29: 3, 30: 3, 31: 2, 32: 3, 33: 3}",0.4438541256723075,0.0010004043579101562
1.1657894736842105,1.0,4.0,"{0: 0, 1: 0, 2: 0, 3: 0, 4: 1, 5: 1, 6: 1, 7: 0, 8: 2, 9: 2, 10: 1, 11: 0, 12: 0, 13: 0, 14: 2, 15: 2, 16: 1, 17: 0, 18: 2, 19: 0, 20: 2, 21: 0, 22: 2, 23: 3, 24: 3, 25: 3, 26: 2, 27: 3, 28: 3, 29: 2, 30: 2, 31: 3, 32: 2, 33: 2}",0.44490358126721763,0.0010004043579101562
1.1657894736842105,1.0,4.0,"{0: 1, 1: 1, 2: 1, 3: 1, 4: 0, 5: 0, 6: 0, 7: 1, 8: 3, 9: 3, 10: 0, 11: 1, 12: 1, 13: 1, 14: 3, 15: 3, 16: 0, 17: 1, 18: 3, 19: 1, 20: 3, 21: 1, 22: 3, 23: 2, 24: 2, 25: 2, 26: 3, 27: 2, 28: 2, 29: 3, 30: 3, 31: 2, 32: 3, 33: 3}",0.44490358126721763,0.003001689910888672
1.1657894736842105,1.0,4.0,"{0: 1, 1: 1, 2: 1, 3: 1, 4: 0, 5: 0, 6: 0, 7: 1, 8: 3, 9: 3, 10: 0, 11: 1, 12: 1, 13: 1, 14: 3, 15: 3, 16: 0, 17: 1, 18: 3, 19: 1, 20: 3, 21: 1, 22: 3, 23: 2, 24: 2, 25: 2, 26: 3, 27: 2, 28: 2, 29: 3, 30: 3, 31: 2, 32: 3, 33: 3}",0.44490358126721763,0.0020012855529785156
1.1657894736842105,1.0,4.0,"{0: 1, 1: 1, 2: 1, 3: 1, 4: 0, 5: 0, 6: 0, 7: 1, 8: 3, 9: 3, 10: 0, 11: 1, 12: 1, 13: 1, 14: 3, 15: 3, 16: 0, 17: 1, 18: 3, 19: 1, 20: 3, 21: 1, 22: 3, 23: 2, 24: 2, 25: 2, 26: 3, 27: 2, 28: 2, 29: 3, 30: 3, 31: 2, 32: 3, 33: 3}",0.44490358126721763,0.0040013790130615234
1.1657894736842105,1.0,4.0,"{0: 1, 1: 1, 2: 1, 3: 1, 4: 0, 5: 0, 6: 0, 7: 1, 8: 2, 9: 2, 10: 0, 11: 1, 12: 1, 13: 1, 14: 2, 15: 2, 16: 0, 17: 1, 18: 2, 19: 1, 20: 2, 21: 1, 22: 2, 23: 3, 24: 3, 25: 3, 26: 2, 27: 3, 28: 3, 29: 2, 30: 2, 31: 3, 32: 2, 33: 2}",0.44490358126721763,0.0020008087158203125
1.1657894736842105,1.0,4.0,"{0: 0, 1: 2, 2: 2, 3: 2, 4: 0, 5: 0, 6: 0, 7: 2, 8: 1, 9: 1, 10: 0, 11: 0, 12: 2, 13: 2, 14: 1, 15: 1, 16: 0, 17: 0, 18: 1, 19: 0, 20: 1, 21: 0, 22: 1, 23: 1, 24: 3, 25: 3, 26: 1, 27: 1, 28: 3, 29: 1, 30: 1, 31: 3, 32: 1, 33: 1}",0.42662243960945256,0.0030014514923095703
1.1657894736842105,1.0,3.0,"{0: 0, 1: 0, 2: 0, 3: 0, 4: 1, 5: 1, 6: 1, 7: 0, 8: 2, 9: 2, 10: 1, 11: 0, 12: 0, 13: 0, 14: 2, 15: 2, 16: 1, 17: 0, 18: 2, 19: 0, 20: 2, 21: 0, 22: 2, 23: 2, 24: 2, 25: 2, 26: 2, 27: 2, 28: 2, 29: 2, 30: 2, 31: 2, 32: 2, 33: 2}",0.4345214669889994,0.0010001659393310547
1.1657894736842105,1.0,4.0,"{0: 1, 1: 1, 2: 1, 3: 1, 4: 0, 5: 0, 6: 0, 7: 1, 8: 3, 9: 3, 10: 0, 11: 1, 12: 1, 13: 1, 14: 3, 15: 3, 16: 0, 17: 1, 18: 3, 19: 1, 20: 3, 21: 1, 22: 3, 23: 2, 24: 2, 25: 2, 26: 3, 27: 2, 28: 2, 29: 3, 30: 3, 31: 2, 32: 3, 33: 3}",0.44490358126721763,0.001999378204345703
1.2052631578947368,1.0,4.0,"{0: 0, 1: 0, 2: 0, 3: 0, 4: 1, 5: 1, 6: 1, 7: 0, 8: 3, 9: 3, 10: 1, 11: 0, 12: 0, 13: 0, 14: 3, 15: 3, 16: 1, 17: 0, 18: 3, 19: 0, 20: 3, 21: 0, 22: 3, 23: 2, 24: 2, 25: 2, 26: 3, 27: 2, 28: 2, 29: 3, 30: 3, 31: 2, 32: 3, 33: 3}",0.44490358126721763,0.0019757747650146484
1.2052631578947368,1.0,4.0,"{0: 0, 1: 1, 2: 1, 3: 1, 4: 0, 5: 0, 6: 0, 7: 1, 8: 3, 9: 3, 10: 0, 11: 0, 12: 1, 13: 1, 14: 3, 15: 3, 16: 0, 17: 0, 18: 3, 19: 0, 20: 3, 21: 0, 22: 3, 23: 2, 24: 2, 25: 2, 26: 3, 27: 2, 28: 2, 29: 3, 30: 3, 31: 2, 32: 3, 33: 3}",0.4276718952043627,0.0009775161743164062
1.2052631578947368,1.0,4.0,"{0: 0, 1: 1, 2: 1, 3: 1, 4: 0, 5: 0, 6: 0, 7: 1, 8: 3, 9: 3, 10: 0, 11: 0, 12: 1, 13: 1, 14: 3, 15: 3, 16: 0, 17: 0, 18: 3, 19: 0, 20: 3, 21: 0, 22: 3, 23: 2, 24: 2, 25: 2, 26: 3, 27: 2, 28: 2, 29: 3, 30: 3, 31: 2, 32: 3, 33: 3}",0.4276718952043627,0.0009775161743164062
1.2052631578947368,1.0,4.0,"{0: 0, 1: 0, 2: 0, 3: 0, 4: 1, 5: 1, 6: 1, 7: 0, 8: 3, 9: 3, 10: 1, 11: 0, 12: 0, 13: 0, 14: 3, 15: 3, 16: 1, 17: 0, 18: 3, 19: 0, 20: 3, 21: 0, 22: 3, 23: 2, 24: 2, 25: 2, 26: 3, 27: 2, 28: 2, 29: 3, 30: 3, 31: 2, 32: 3, 33: 3}",0.44490358126721763,0.0019757747650146484
1.2052631578947368,1.0,4.0,"{0: 1, 1: 0, 2: 0, 3: 0, 4: 1, 5: 1, 6: 1, 7: 0, 8: 2, 9: 2, 10: 1, 11: 1, 12: 0, 13: 0, 14: 2, 15: 2, 16: 1, 17: 1, 18: 2, 19: 1, 20: 2, 21: 1, 22: 2, 23: 3, 24: 3, 25: 3, 26: 2, 27: 3, 28: 3, 29: 2, 30: 2, 31: 3, 32: 2, 33: 2}",0.4276718952043627,0.0019991397857666016
1.2052631578947368,1.0,4.0,"{0: 0, 1: 0, 2: 0, 3: 0, 4: 1, 5: 1, 6: 1, 7: 0, 8: 3, 9: 3, 10: 1, 11: 0, 12: 0, 13: 0, 14: 3, 15: 3, 16: 1, 17: 0, 18: 3, 19: 0, 20: 3, 21: 0, 22: 3, 23: 2, 24: 2, 25: 2, 26: 3, 27: 2, 28: 2, 29: 3, 30: 3, 31: 2, 32: 3, 33: 3}",0.44490358126721763,0.0020003318786621094
1.2052631578947368,1.0,4.0,"{0: 0, 1: 0, 2: 0, 3: 0, 4: 1, 5: 1, 6: 1, 7: 0, 8: 2, 9: 2, 10: 1, 11: 0, 12: 0, 13: 0, 14: 2, 15: 2, 16: 1, 17: 0, 18: 2, 19: 0, 20: 2, 21: 0, 22: 2, 23: 3, 24: 3, 25: 3, 26: 2, 27: 3, 28: 3, 29: 2, 30: 2, 31: 3, 32: 2, 33: 2}",0.44490358126721763,0.0010008811950683594
1.2052631578947368,1.0,4.0,"{0: 0, 1: 1, 2: 1, 3: 1, 4: 0, 5: 0, 6: 0, 7: 1, 8: 3, 9: 3, 10: 0, 11: 0, 12: 1, 13: 1, 14: 3, 15: 3, 16: 0, 17: 0, 18: 3, 19: 0, 20: 3, 21: 0, 22: 3, 23: 2, 24: 2, 25: 2, 26: 3, 27: 2, 28: 2, 29: 3, 30: 3, 31: 2, 32: 3, 33: 3}",0.4276718952043627,0.001999378204345703
1.2052631578947368,1.0,4.0,"{0: 0, 1: 0, 2: 0, 3: 0, 4: 1, 5: 1, 6: 1, 7: 0, 8: 2, 9: 2, 10: 1, 11: 0, 12: 0, 13: 0, 14: 2, 15: 2, 16: 1, 17: 0, 18: 2, 19: 0, 20: 2, 21: 0, 22: 2, 23: 2, 24: 3, 25: 3, 26: 2, 27: 2, 28: 3, 29: 2, 30: 2, 31: 3, 32: 2, 33: 2}",0.4438541256723075,0.001999378204345703
1.2052631578947368,1.0,4.0,"{0: 0, 1: 0, 2: 0, 3: 0, 4: 1, 5: 1, 6: 1, 7: 0, 8: 3, 9: 3, 10: 1, 11: 0, 12: 0, 13: 0, 14: 3, 15: 3, 16: 1, 17: 0, 18: 3, 19: 0, 20: 3, 21: 0, 22: 3, 23: 2, 24: 2, 25: 2, 26: 3, 27: 2, 28: 2, 29: 3, 30: 3, 31: 2, 32: 3, 33: 3}",0.44490358126721763,0.0009999275207519531
1.2447368421052631,1.0,4.0,"{0: 1, 1: 0, 2: 0, 3: 0, 4: 1, 5: 1, 6: 1, 7: 0, 8: 2, 9: 2, 10: 1, 11: 1, 12: 0, 13: 0, 14: 2, 15: 2, 16: 1, 17: 1, 18: 2, 19: 1, 20: 2, 21: 1, 22: 2, 23: 3, 24: 3, 25: 3, 26: 2, 27: 3, 28: 3, 29: 2, 30: 2, 31: 3, 32: 2, 33: 2}",0.4276718952043627,0.0009822845458984375
1.2447368421052631,1.0,4.0,"{0: 0, 1: 0, 2: 0, 3: 0, 4: 1, 5: 1, 6: 1, 7: 0, 8: 2, 9: 2, 10: 1, 11: 0, 12: 0, 13: 0, 14: 2, 15: 2, 16: 1, 17: 0, 18: 2, 19: 0, 20: 2, 21: 0, 22: 2, 23: 2, 24: 3, 25: 3, 26: 2, 27: 2, 28: 3, 29: 2, 30: 2, 31: 3, 32: 2, 33: 2}",0.4438541256723075,0.0009822845458984375
1.2447368421052631,1.0,4.0,"{0: 1, 1: 1, 2: 1, 3: 1, 4: 0, 5: 0, 6: 0, 7: 1, 8: 2, 9: 2, 10: 0, 11: 1, 12: 1, 13: 1, 14: 2, 15: 2, 16: 0, 17: 1, 18: 2, 19: 1, 20: 2, 21: 1, 22: 2, 23: 3, 24: 3, 25: 3, 26: 2, 27: 3, 28: 3, 29: 2, 30: 2, 31: 3, 32: 2, 33: 2}",0.44490358126721763,0.0019817352294921875
1.2447368421052631,1.0,4.0,"{0: 0, 1: 0, 2: 0, 3: 0, 4: 1, 5: 1, 6: 1, 7: 0, 8: 2, 9: 2, 10: 1, 11: 0, 12: 0, 13: 0, 14: 2, 15: 2, 16: 1, 17: 0, 18: 2, 19: 0, 20: 2, 21: 0, 22: 2, 23: 2, 24: 3, 25: 3, 26: 2, 27: 2, 28: 3, 29: 2, 30: 2, 31: 3, 32: 2, 33: 2}",0.4438541256723075,0.0019817352294921875
1.2447368421052631,1.0,4.0,"{0: 0, 1: 0, 2: 0, 3: 0, 4: 1, 5: 1, 6: 1, 7: 0, 8: 3, 9: 3, 10: 1, 11: 0, 12: 0, 13: 0, 14: 3, 15: 3, 16: 1, 17: 0, 18: 3, 19: 0, 20: 3, 21: 0, 22: 3, 23: 3, 24: 2, 25: 2, 26: 3, 27: 3, 28: 2, 29: 3, 30: 3, 31: 2, 32: 3, 33: 3}",0.4438541256723075,0.0019996166229248047
1.2447368421052631,1.0,4.0,"{0: 1, 1: 1, 2: 1, 3: 1, 4: 0, 5: 0, 6: 0, 7: 1, 8: 3, 9: 3, 10: 0, 11: 1, 12: 1, 13: 1, 14: 3, 15: 3, 16: 0, 17: 1, 18: 3, 19: 1, 20: 3, 21: 1, 22: 3, 23: 2, 24: 2, 25: 2, 26: 3, 27: 2, 28: 2, 29: 3, 30: 3, 31: 2, 32: 3, 33: 3}",0.44490358126721763,0.0019996166229248047
1.2447368421052631,1.0,4.0,"{0: 1, 1: 0, 2: 0, 3: 0, 4: 1, 5: 1, 6: 1, 7: 0, 8: 2, 9: 2, 10: 1, 11: 1, 12: 0, 13: 0, 14: 2, 15: 2, 16: 1, 17: 1, 18: 2, 19: 1, 20: 2, 21: 1, 22: 2, 23: 3, 24: 3, 25: 3, 26: 2, 27: 3, 28: 3, 29: 2, 30: 2, 31: 3, 32: 2, 33: 2}",0.4276718952043627,0.0019996166229248047
1.2447368421052631,1.0,4.0,"{0: 0, 1: 0, 2: 0, 3: 0, 4: 1, 5: 1, 6: 1, 7: 0, 8: 2, 9: 2, 10: 1, 11: 0, 12: 0, 13: 0, 14: 2, 15: 2, 16: 1, 17: 0, 18: 2, 19: 0, 20: 2, 21: 0, 22: 2, 23: 3, 24: 3, 25: 3, 26: 2, 27: 3, 28: 3, 29: 2, 30: 2, 31: 3, 32: 2, 33: 2}",0.44490358126721763,0.002000093460083008
1.2447368421052631,1.0,4.0,"{0: 0, 1: 0, 2: 0, 3: 0, 4: 1, 5: 1, 6: 1, 7: 0, 8: 3, 9: 3, 10: 1, 11: 0, 12: 0, 13: 0, 14: 3, 15: 3, 16: 1, 17: 0, 18: 3, 19: 0, 20: 3, 21: 0, 22: 3, 23: 2, 24: 2, 25: 2, 26: 3, 27: 2, 28: 2, 29: 3, 30: 3, 31: 2, 32: 3, 33: 3}",0.44490358126721763,0.0019998550415039062
1.2447368421052631,1.0,4.0,"{0: 0, 1: 0, 2: 0, 3: 0, 4: 1, 5: 1, 6: 1, 7: 0, 8: 3, 9: 3, 10: 1, 11: 0, 12: 0, 13: 0, 14: 3, 15: 3, 16: 1, 17: 0, 18: 3, 19: 0, 20: 3, 21: 0, 22: 3, 23: 2, 24: 2, 25: 2, 26: 3, 27: 2, 28: 2, 29: 3, 30: 3, 31: 2, 32: 3, 33: 3}",0.44490358126721763,0.0019998550415039062
1.2842105263157895,1.0,4.0,"{0: 1, 1: 1, 2: 1, 3: 1, 4: 0, 5: 0, 6: 0, 7: 1, 8: 3, 9: 3, 10: 0, 11: 1, 12: 1, 13: 1, 14: 3, 15: 3, 16: 0, 17: 1, 18: 3, 19: 1, 20: 3, 21: 1, 22: 3, 23: 2, 24: 2, 25: 2, 26: 3, 27: 2, 28: 2, 29: 3, 30: 3, 31: 2, 32: 3, 33: 3}",0.44490358126721763,0.0010004043579101562
1.2842105263157895,1.0,4.0,"{0: 0, 1: 1, 2: 1, 3: 1, 4: 0, 5: 0, 6: 0, 7: 1, 8: 2, 9: 2, 10: 0, 11: 0, 12: 1, 13: 1, 14: 2, 15: 2, 16: 0, 17: 0, 18: 2, 19: 0, 20: 2, 21: 0, 22: 2, 23: 3, 24: 3, 25: 3, 26: 2, 27: 3, 28: 3, 29: 2, 30: 2, 31: 3, 32: 2, 33: 2}",0.4276718952043627,0.0010004043579101562
1.2842105263157895,1.0,4.0,"{0: 1, 1: 1, 2: 1, 3: 1, 4: 0, 5: 0, 6: 0, 7: 1, 8: 3, 9: 3, 10: 0, 11: 1, 12: 1, 13: 1, 14: 3, 15: 3, 16: 0, 17: 1, 18: 3, 19: 1, 20: 3, 21: 1, 22: 3, 23: 2, 24: 2, 25: 2, 26: 3, 27: 2, 28: 2, 29: 3, 30: 3, 31: 2, 32: 3, 33: 3}",0.44490358126721763,0.0010004043579101562
1.2842105263157895,1.0,4.0,"{0: 0, 1: 0, 2: 0, 3: 0, 4: 1, 5: 1, 6: 1, 7: 0, 8: 3, 9: 3, 10: 1, 11: 0, 12: 0, 13: 0, 14: 3, 15: 3, 16: 1, 17: 0, 18: 3, 19: 0, 20: 3, 21: 0, 22: 3, 23: 2, 24: 2, 25: 2, 26: 3, 27: 2, 28: 2, 29: 3, 30: 3, 31: 2, 32: 3, 33: 3}",0.44490358126721763,0.0020008087158203125
1.2842105263157895,1.0,4.0,"{0: 1, 1: 0, 2: 0, 3: 0, 4: 1, 5: 1, 6: 1, 7: 0, 8: 3, 9: 3, 10: 1, 11: 1, 12: 0, 13: 0, 14: 3, 15: 3, 16: 1, 17: 1, 18: 3, 19: 1, 20: 3, 21: 1, 22: 3, 23: 2, 24: 2, 25: 2, 26: 3, 27: 2, 28: 2, 29: 3, 30: 3, 31: 2, 32: 3, 33: 3}",0.4276718952043627,0.0019996166229248047
1.2842105263157895,1.0,4.0,"{0: 0, 1: 0, 2: 0, 3: 0, 4: 1, 5: 1, 6: 1, 7: 0, 8: 3, 9: 3, 10: 1, 11: 0, 12: 0, 13: 0, 14: 3, 15: 3, 16: 1, 17: 0, 18: 3, 19: 0, 20: 3, 21: 0, 22: 3, 23: 2, 24: 2, 25: 2, 26: 3, 27: 2, 28: 2, 29: 3, 30: 3, 31: 2, 32: 3, 33: 3}",0.44490358126721763,0.0019996166229248047
1.2842105263157895,1.0,4.0,"{0: 0, 1: 0, 2: 0, 3: 0, 4: 1, 5: 1, 6: 1, 7: 0, 8: 3, 9: 3, 10: 1, 11: 0, 12: 0, 13: 0, 14: 3, 15: 3, 16: 1, 17: 0, 18: 3, 19: 0, 20: 3, 21: 0, 22: 3, 23: 2, 24: 2, 25: 2, 26: 3, 27: 2, 28: 2, 29: 3, 30: 3, 31: 2, 32: 3, 33: 3}",0.44490358126721763,0.0020017623901367188
1.2842105263157895,1.0,4.0,"{0: 0, 1: 0, 2: 0, 3: 0, 4: 1, 5: 1, 6: 1, 7: 0, 8: 2, 9: 2, 10: 1, 11: 0, 12: 0, 13: 0, 14: 2, 15: 2, 16: 1, 17: 0, 18: 2, 19: 0, 20: 2, 21: 0, 22: 2, 23: 3, 24: 3, 25: 3, 26: 2, 27: 3, 28: 3, 29: 2, 30: 2, 31: 3, 32: 2, 33: 2}",0.44490358126721763,0.003000497817993164
1.2842105263157895,1.0,4.0,"{0: 1, 1: 0, 2: 0, 3: 0, 4: 1, 5: 1, 6: 1, 7: 0, 8: 3, 9: 3, 10: 1, 11: 1, 12: 0, 13: 0, 14: 3, 15: 3, 16: 1, 17: 1, 18: 3, 19: 1, 20: 3, 21: 1, 22: 3, 23: 2, 24: 2, 25: 2, 26: 3, 27: 2, 28: 2, 29: 3, 30: 3, 31: 2, 32: 3, 33: 3}",0.4276718952043627,0.0020012855529785156
1.2842105263157895,1.0,4.0,"{0: 1, 1: 0, 2: 0, 3: 0, 4: 1, 5: 1, 6: 1, 7: 0, 8: 2, 9: 2, 10: 1, 11: 1, 12: 0, 13: 0, 14: 2, 15: 2, 16: 1, 17: 1, 18: 2, 19: 1, 20: 2, 21: 1, 22: 2, 23: 2, 24: 3, 25: 3, 26: 2, 27: 2, 28: 3, 29: 2, 30: 2, 31: 3, 32: 2, 33: 2}",0.42662243960945256,0.0030024051666259766
1.3236842105263158,1.0,4.0,"{0: 1, 1: 1, 2: 1, 3: 1, 4: 0, 5: 0, 6: 0, 7: 1, 8: 3, 9: 3, 10: 0, 11: 1, 12: 1, 13: 1, 14: 3, 15: 3, 16: 0, 17: 1, 18: 3, 19: 1, 20: 3, 21: 1, 22: 3, 23: 2, 24: 2, 25: 2, 26: 3, 27: 2, 28: 2, 29: 3, 30: 3, 31: 2, 32: 3, 33: 3}",0.44490358126721763,0.0009851455688476562
1.3236842105263158,1.0,5.0,"{0: 0, 1: 0, 2: 0, 3: 0, 4: 2, 5: 2, 6: 2, 7: 0, 8: 1, 9: 3, 10: 2, 11: 0, 12: 0, 13: 0, 14: 3, 15: 3, 16: 2, 17: 0, 18: 3, 19: 0, 20: 3, 21: 0, 22: 3, 23: 3, 24: 4, 25: 4, 26: 3, 27: 3, 28: 4, 29: 3, 30: 1, 31: 4, 32: 3, 33: 3}",0.431129476584022,0.0009851455688476562
1.3236842105263158,1.0,4.0,"{0: 0, 1: 0, 2: 0, 3: 0, 4: 1, 5: 1, 6: 1, 7: 0, 8: 3, 9: 3, 10: 1, 11: 0, 12: 0, 13: 0, 14: 3, 15: 3, 16: 1, 17: 0, 18: 3, 19: 0, 20: 3, 21: 0, 22: 3, 23: 3, 24: 2, 25: 2, 26: 3, 27: 3, 28: 2, 29: 3, 30: 3, 31: 2, 32: 3, 33: 3}",0.4438541256723075,0.0009851455688476562
1.3236842105263158,1.0,4.0,"{0: 1, 1: 0, 2: 0, 3: 0, 4: 1, 5: 1, 6: 1, 7: 0, 8: 3, 9: 3, 10: 1, 11: 1, 12: 0, 13: 0, 14: 3, 15: 3, 16: 1, 17: 1, 18: 3, 19: 1, 20: 3, 21: 1, 22: 3, 23: 2, 24: 2, 25: 2, 26: 3, 27: 2, 28: 2, 29: 3, 30: 3, 31: 2, 32: 3, 33: 3}",0.4276718952043627,0.0019843578338623047
1.3236842105263158,1.0,4.0,"{0: 1, 1: 2, 2: 2, 3: 2, 4: 1, 5: 1, 6: 1, 7: 2, 8: 0, 9: 0, 10: 1, 11: 1, 12: 2, 13: 2, 14: 0, 15: 0, 16: 1, 17: 1, 18: 0, 19: 1, 20: 0, 21: 1, 22: 0, 23: 3, 24: 3, 25: 3, 26: 0, 27: 3, 28: 3, 29: 0, 30: 0, 31: 3, 32: 0, 33: 0}",0.4276718952043627,0.0019996166229248047
1.3236842105263158,1.0,4.0,"{0: 0, 1: 0, 2: 0, 3: 0, 4: 1, 5: 1, 6: 1, 7: 0, 8: 3, 9: 3, 10: 1, 11: 0, 12: 0, 13: 0, 14: 3, 15: 3, 16: 1, 17: 0, 18: 3, 19: 0, 20: 3, 21: 0, 22: 3, 23: 2, 24: 2, 25: 2, 26: 3, 27: 2, 28: 2, 29: 3, 30: 3, 31: 2, 32: 3, 33: 3}",0.44490358126721763,0.0010004043579101562
1.3236842105263158,1.0,5.0,"{0: 1, 1: 0, 2: 0, 3: 0, 4: 1, 5: 1, 6: 1, 7: 0, 8: 4, 9: 4, 10: 1, 11: 1, 12: 0, 13: 0, 14: 4, 15: 4, 16: 1, 17: 1, 18: 4, 19: 1, 20: 4, 21: 1, 22: 4, 23: 3, 24: 3, 25: 3, 26: 2, 27: 3, 28: 4, 29: 2, 30: 4, 31: 3, 32: 4, 33: 4}",0.41448810929330404,0.002000570297241211
1.3236842105263158,1.0,4.0,"{0: 1, 1: 1, 2: 1, 3: 1, 4: 0, 5: 0, 6: 0, 7: 1, 8: 3, 9: 3, 10: 0, 11: 1, 12: 1, 13: 1, 14: 3, 15: 3, 16: 0, 17: 1, 18: 3, 19: 1, 20: 3, 21: 1, 22: 3, 23: 2, 24: 2, 25: 2, 26: 3, 27: 2, 28: 2, 29: 3, 30: 3, 31: 2, 32: 3, 33: 3}",0.44490358126721763,0.0020203590393066406
1.3236842105263158,1.0,4.0,"{0: 0, 1: 0, 2: 0, 3: 0, 4: 1, 5: 1, 6: 1, 7: 0, 8: 2, 9: 2, 10: 1, 11: 0, 12: 0, 13: 0, 14: 2, 15: 2, 16: 1, 17: 0, 18: 2, 19: 0, 20: 2, 21: 0, 22: 2, 23: 3, 24: 3, 25: 3, 26: 2, 27: 3, 28: 3, 29: 2, 30: 2, 31: 3, 32: 2, 33: 2}",0.44490358126721763,0.00301361083984375
1.3236842105263158,1.0,4.0,"{0: 0, 1: 0, 2: 0, 3: 0, 4: 1, 5: 1, 6: 1, 7: 0, 8: 3, 9: 3, 10: 1, 11: 0, 12: 0, 13: 0, 14: 3, 15: 3, 16: 1, 17: 0, 18: 3, 19: 0, 20: 3, 21: 0, 22: 3, 23: 2, 24: 2, 25: 2, 26: 3, 27: 2, 28: 2, 29: 3, 30: 3, 31: 2, 32: 3, 33: 3}",0.44490358126721763,0.0020134449005126953
1.3631578947368421,1.0,4.0,"{0: 1, 1: 1, 2: 1, 3: 1, 4: 0, 5: 0, 6: 0, 7: 1, 8: 3, 9: 3, 10: 0, 11: 1, 12: 1, 13: 1, 14: 3, 15: 3, 16: 0, 17: 1, 18: 3, 19: 1, 20: 3, 21: 1, 22: 3, 23: 2, 24: 2, 25: 2, 26: 3, 27: 2, 28: 2, 29: 3, 30: 3, 31: 2, 32: 3, 33: 3}",0.44490358126721763,0.001999378204345703
1.3631578947368421,1.0,4.0,"{0: 0, 1: 1, 2: 1, 3: 1, 4: 0, 5: 0, 6: 0, 7: 1, 8: 2, 9: 2, 10: 0, 11: 0, 12: 1, 13: 1, 14: 2, 15: 2, 16: 0, 17: 0, 18: 2, 19: 0, 20: 2, 21: 0, 22: 2, 23: 3, 24: 3, 25: 3, 26: 2, 27: 3, 28: 3, 29: 2, 30: 2, 31: 3, 32: 2, 33: 2}",0.4276718952043627,0.001999378204345703
1.3631578947368421,1.0,4.0,"{0: 0, 1: 0, 2: 0, 3: 0, 4: 1, 5: 1, 6: 1, 7: 0, 8: 2, 9: 2, 10: 1, 11: 0, 12: 0, 13: 0, 14: 2, 15: 2, 16: 1, 17: 0, 18: 2, 19: 0, 20: 2, 21: 0, 22: 2, 23: 3, 24: 3, 25: 3, 26: 2, 27: 3, 28: 3, 29: 2, 30: 2, 31: 3, 32: 2, 33: 2}",0.44490358126721763,0.001999378204345703
1.3631578947368421,1.0,4.0,"{0: 0, 1: 0, 2: 0, 3: 0, 4: 1, 5: 1, 6: 1, 7: 0, 8: 2, 9: 2, 10: 1, 11: 0, 12: 0, 13: 0, 14: 2, 15: 2, 16: 1, 17: 0, 18: 2, 19: 0, 20: 2, 21: 0, 22: 2, 23: 3, 24: 3, 25: 3, 26: 2, 27: 3, 28: 3, 29: 2, 30: 2, 31: 3, 32: 2, 33: 2}",0.44490358126721763,0.002000570297241211
1.3631578947368421,1.0,5.0,"{0: 0, 1: 0, 2: 0, 3: 0, 4: 2, 5: 2, 6: 2, 7: 0, 8: 1, 9: 3, 10: 2, 11: 0, 12: 0, 13: 0, 14: 3, 15: 3, 16: 2, 17: 0, 18: 3, 19: 0, 20: 3, 21: 0, 22: 3, 23: 3, 24: 4, 25: 4, 26: 3, 27: 3, 28: 4, 29: 3, 30: 1, 31: 4, 32: 3, 33: 3}",0.431129476584022,0.0010008811950683594
1.3631578947368421,1.0,4.0,"{0: 1, 1: 1, 2: 1, 3: 1, 4: 0, 5: 0, 6: 0, 7: 1, 8: 3, 9: 3, 10: 0, 11: 1, 12: 1, 13: 1, 14: 3, 15: 3, 16: 0, 17: 1, 18: 3, 19: 1, 20: 3, 21: 1, 22: 3, 23: 2, 24: 2, 25: 2, 26: 3, 27: 2, 28: 2, 29: 3, 30: 3, 31: 2, 32: 3, 33: 3}",0.44490358126721763,0.0010008811950683594
1.3631578947368421,1.0,4.0,"{0: 0, 1: 0, 2: 0, 3: 0, 4: 1, 5: 1, 6: 1, 7: 0, 8: 2, 9: 2, 10: 1, 11: 0, 12: 0, 13: 0, 14: 2, 15: 2, 16: 1, 17: 0, 18: 2, 19: 0, 20: 2, 21: 0, 22: 2, 23: 3, 24: 3, 25: 3, 26: 2, 27: 3, 28: 3, 29: 2, 30: 2, 31: 3, 32: 2, 33: 2}",0.44490358126721763,0.003000974655151367
1.3631578947368421,1.0,4.0,"{0: 0, 1: 0, 2: 0, 3: 0, 4: 2, 5: 2, 6: 2, 7: 0, 8: 1, 9: 1, 10: 2, 11: 0, 12: 0, 13: 0, 14: 1, 15: 1, 16: 2, 17: 0, 18: 1, 19: 0, 20: 1, 21: 0, 22: 1, 23: 3, 24: 3, 25: 3, 26: 1, 27: 3, 28: 3, 29: 1, 30: 1, 31: 3, 32: 1, 33: 1}",0.44490358126721763,0.003000497817993164
1.3631578947368421,1.0,5.0,"{0: 0, 1: 1, 2: 1, 3: 1, 4: 0, 5: 0, 6: 0, 7: 1, 8: 4, 9: 4, 10: 0, 11: 0, 12: 1, 13: 1, 14: 4, 15: 4, 16: 0, 17: 0, 18: 4, 19: 0, 20: 4, 21: 0, 22: 4, 23: 2, 24: 2, 25: 2, 26: 3, 27: 2, 28: 4, 29: 3, 30: 4, 31: 2, 32: 4, 33: 4}",0.41448810929330404,0.0010006427764892578
1.3631578947368421,1.0,4.0,"{0: 1, 1: 2, 2: 2, 3: 2, 4: 1, 5: 1, 6: 1, 7: 2, 8: 0, 9: 0, 10: 1, 11: 1, 12: 2, 13: 2, 14: 0, 15: 0, 16: 1, 17: 1, 18: 0, 19: 1, 20: 0, 21: 1, 22: 0, 23: 3, 24: 3, 25: 3, 26: 0, 27: 3, 28: 3, 29: 0, 30: 0, 31: 3, 32: 0, 33: 0}",0.4276718952043627,0.0010006427764892578
1.4026315789473685,1.0,4.0,"{0: 0, 1: 0, 2: 0, 3: 0, 4: 1, 5: 1, 6: 1, 7: 0, 8: 3, 9: 3, 10: 1, 11: 0, 12: 0, 13: 0, 14: 3, 15: 3, 16: 1, 17: 0, 18: 3, 19: 0, 20: 3, 21: 0, 22: 3, 23: 2, 24: 2, 25: 2, 26: 3, 27: 2, 28: 2, 29: 3, 30: 3, 31: 2, 32: 3, 33: 3}",0.44490358126721763,0.0009846687316894531
1.4026315789473685,1.0,5.0,"{0: 1, 1: 0, 2: 0, 3: 0, 4: 1, 5: 1, 6: 1, 7: 0, 8: 2, 9: 2, 10: 1, 11: 1, 12: 0, 13: 0, 14: 2, 15: 2, 16: 1, 17: 1, 18: 2, 19: 1, 20: 2, 21: 1, 22: 2, 23: 4, 24: 4, 25: 4, 26: 3, 27: 4, 28: 4, 29: 3, 30: 2, 31: 4, 32: 2, 33: 2}",0.418142463597009,0.0009846687316894531
1.4026315789473685,1.0,5.0,"{0: 1, 1: 1, 2: 1, 3: 1, 4: 0, 5: 0, 6: 0, 7: 1, 8: 3, 9: 3, 10: 0, 11: 1, 12: 1, 13: 1, 14: 3, 15: 3, 16: 0, 17: 1, 18: 3, 19: 1, 20: 3, 21: 1, 22: 3, 23: 2, 24: 2, 25: 2, 26: 4, 27: 2, 28: 2, 29: 4, 30: 3, 31: 2, 32: 3, 33: 3}",0.43537414965986393,0.0019838809967041016
1.4026315789473685,1.0,5.0,"{0: 0, 1: 1, 2: 1, 3: 1, 4: 0, 5: 0, 6: 0, 7: 1, 8: 4, 9: 4, 10: 0, 11: 0, 12: 1, 13: 1, 14: 4, 15: 4, 16: 0, 17: 0, 18: 4, 19: 0, 20: 4, 21: 0, 22: 4, 23: 2, 24: 2, 25: 2, 26: 3, 27: 2, 28: 2, 29: 3, 30: 4, 31: 2, 32: 4, 33: 4}",0.418142463597009,0.002984285354614258
1.4026315789473685,1.0,5.0,"{0: 0, 1: 0, 2: 0, 3: 0, 4: 1, 5: 1, 6: 1, 7: 0, 8: 2, 9: 2, 10: 1, 11: 0, 12: 0, 13: 0, 14: 2, 15: 2, 16: 1, 17: 0, 18: 2, 19: 0, 20: 2, 21: 0, 22: 2, 23: 4, 24: 4, 25: 4, 26: 3, 27: 4, 28: 4, 29: 3, 30: 2, 31: 4, 32: 2, 33: 2}",0.43537414965986393,0.0010004043579101562
1.4026315789473685,1.0,4.0,"{0: 1, 1: 1, 2: 1, 3: 1, 4: 0, 5: 0, 6: 0, 7: 1, 8: 2, 9: 2, 10: 0, 11: 1, 12: 1, 13: 1, 14: 2, 15: 2, 16: 0, 17: 1, 18: 2, 19: 1, 20: 2, 21: 1, 22: 2, 23: 3, 24: 3, 25: 3, 26: 2, 27: 3, 28: 3, 29: 2, 30: 2, 31: 3, 32: 2, 33: 2}",0.44490358126721763,0.0010004043579101562
1.4026315789473685,1.0,5.0,"{0: 0, 1: 0, 2: 0, 3: 0, 4: 1, 5: 1, 6: 1, 7: 0, 8: 2, 9: 2, 10: 1, 11: 0, 12: 0, 13: 0, 14: 2, 15: 2, 16: 1, 17: 0, 18: 2, 19: 0, 20: 2, 21: 0, 22: 2, 23: 3, 24: 3, 25: 3, 26: 4, 27: 3, 28: 3, 29: 4, 30: 2, 31: 3, 32: 2, 33: 2}",0.43537414965986393,0.0010004043579101562
1.4026315789473685,1.0,4.0,"{0: 1, 1: 1, 2: 1, 3: 1, 4: 0, 5: 0, 6: 0, 7: 1, 8: 3, 9: 3, 10: 0, 11: 1, 12: 1, 13: 1, 14: 3, 15: 3, 16: 0, 17: 1, 18: 3, 19: 1, 20: 3, 21: 1, 22: 3, 23: 3, 24: 2, 25: 2, 26: 3, 27: 3, 28: 2, 29: 3, 30: 3, 31: 2, 32: 3, 33: 3}",0.4438541256723075,0.0040149688720703125
1.4026315789473685,1.0,4.0,"{0: 0, 1: 0, 2: 0, 3: 0, 4: 1, 5: 1, 6: 1, 7: 0, 8: 3, 9: 3, 10: 1, 11: 0, 12: 0, 13: 0, 14: 3, 15: 3, 16: 1, 17: 0, 18: 3, 19: 0, 20: 3, 21: 0, 22: 3, 23: 2, 24: 2, 25: 2, 26: 3, 27: 2, 28: 2, 29: 3, 30: 3, 31: 2, 32: 3, 33: 3}",0.44490358126721763,0.001987457275390625
1.4026315789473685,1.0,5.0,"{0: 1, 1: 1, 2: 1, 3: 1, 4: 0, 5: 0, 6: 0, 7: 1, 8: 2, 9: 2, 10: 0, 11: 1, 12: 1, 13: 1, 14: 2, 15: 2, 16: 0, 17: 1, 18: 2, 19: 1, 20: 2, 21: 1, 22: 2, 23: 4, 24: 4, 25: 4, 26: 3, 27: 4, 28: 4, 29: 3, 30: 2, 31: 4, 32: 2, 33: 2}",0.43537414965986393,0.0020003318786621094
1.4421052631578948,1.0,5.0,"{0: 0, 1: 0, 2: 0, 3: 0, 4: 1, 5: 1, 6: 1, 7: 0, 8: 4, 9: 4, 10: 1, 11: 0, 12: 0, 13: 0, 14: 4, 15: 4, 16: 1, 17: 0, 18: 4, 19: 0, 20: 4, 21: 0, 22: 4, 23: 2, 24: 2, 25: 2, 26: 3, 27: 2, 28: 2, 29: 3, 30: 4, 31: 2, 32: 4, 33: 4}",0.43537414965986393,0.0020012855529785156
1.4421052631578948,1.0,5.0,"{0: 0, 1: 0, 2: 0, 3: 0, 4: 1, 5: 1, 6: 1, 7: 0, 8: 4, 9: 4, 10: 1, 11: 0, 12: 0, 13: 0, 14: 4, 15: 4, 16: 1, 17: 0, 18: 4, 19: 0, 20: 4, 21: 0, 22: 4, 23: 3, 24: 3, 25: 3, 26: 2, 27: 3, 28: 3, 29: 2, 30: 4, 31: 3, 32: 4, 33: 4}",0.43537414965986393,0.00400090217590332
1.4421052631578948,1.0,5.0,"{0: 0, 1: 0, 2: 0, 3: 0, 4: 1, 5: 1, 6: 1, 7: 0, 8: 4, 9: 4, 10: 1, 11: 0, 12: 0, 13: 0, 14: 4, 15: 4, 16: 1, 17: 0, 18: 4, 19: 0, 20: 4, 21: 0, 22: 4, 23: 2, 24: 2, 25: 2, 26: 3, 27: 2, 28: 2, 29: 3, 30: 4, 31: 2, 32: 4, 33: 4}",0.43537414965986393,0.002001047134399414
1.4421052631578948,1.0,5.0,"{0: 0, 1: 0, 2: 0, 3: 0, 4: 1, 5: 1, 6: 1, 7: 0, 8: 4, 9: 4, 10: 1, 11: 0, 12: 0, 13: 0, 14: 4, 15: 4, 16: 1, 17: 0, 18: 4, 19: 0, 20: 4, 21: 0, 22: 4, 23: 2, 24: 2, 25: 2, 26: 3, 27: 2, 28: 2, 29: 3, 30: 4, 31: 2, 32: 4, 33: 4}",0.43537414965986393,0.0030012130737304688
1.4421052631578948,1.0,5.0,"{0: 0, 1: 0, 2: 0, 3: 0, 4: 1, 5: 1, 6: 1, 7: 0, 8: 4, 9: 4, 10: 1, 11: 0, 12: 0, 13: 0, 14: 4, 15: 4, 16: 1, 17: 0, 18: 4, 19: 0, 20: 4, 21: 0, 22: 4, 23: 3, 24: 3, 25: 3, 26: 2, 27: 3, 28: 3, 29: 2, 30: 4, 31: 3, 32: 4, 33: 4}",0.43537414965986393,0.0029997825622558594
1.4421052631578948,1.0,4.0,"{0: 1, 1: 1, 2: 1, 3: 1, 4: 0, 5: 0, 6: 0, 7: 1, 8: 3, 9: 3, 10: 0, 11: 1, 12: 1, 13: 1, 14: 3, 15: 3, 16: 0, 17: 1, 18: 3, 19: 1, 20: 3, 21: 1, 22: 3, 23: 2, 24: 2, 25: 2, 26: 3, 27: 2, 28: 2, 29: 3, 30: 3, 31: 2, 32: 3, 33: 3}",0.44490358126721763,0.003000020980834961
1.4421052631578948,1.0,5.0,"{0: 0, 1: 1, 2: 1, 3: 1, 4: 0, 5: 0, 6: 0, 7: 1, 8: 4, 9: 4, 10: 0, 11: 0, 12: 1, 13: 1, 14: 4, 15: 4, 16: 0, 17: 0, 18: 4, 19: 0, 20: 4, 21: 0, 22: 4, 23: 2, 24: 2, 25: 2, 26: 3, 27: 2, 28: 2, 29: 3, 30: 4, 31: 2, 32: 4, 33: 4}",0.418142463597009,0.0019960403442382812
1.4421052631578948,1.0,4.0,"{0: 0, 1: 0, 2: 0, 3: 0, 4: 1, 5: 1, 6: 1, 7: 0, 8: 2, 9: 2, 10: 1, 11: 0, 12: 0, 13: 0, 14: 2, 15: 2, 16: 1, 17: 0, 18: 2, 19: 0, 20: 2, 21: 0, 22: 2, 23: 3, 24: 3, 25: 3, 26: 2, 27: 3, 28: 2, 29: 2, 30: 2, 31: 3, 32: 2, 33: 2}",0.44018103109012197,0.003995418548583984
1.4421052631578948,1.0,4.0,"{0: 0, 1: 0, 2: 0, 3: 0, 4: 1, 5: 1, 6: 1, 7: 0, 8: 2, 9: 2, 10: 1, 11: 0, 12: 0, 13: 0, 14: 2, 15: 2, 16: 1, 17: 0, 18: 2, 19: 0, 20: 2, 21: 0, 22: 2, 23: 3, 24: 3, 25: 3, 26: 2, 27: 3, 28: 3, 29: 2, 30: 2, 31: 3, 32: 2, 33: 2}",0.44490358126721763,0.001999378204345703
1.4421052631578948,1.0,4.0,"{0: 0, 1: 0, 2: 0, 3: 0, 4: 1, 5: 1, 6: 1, 7: 0, 8: 3, 9: 3, 10: 1, 11: 0, 12: 0, 13: 0, 14: 3, 15: 3, 16: 1, 17: 0, 18: 3, 19: 0, 20: 3, 21: 0, 22: 3, 23: 2, 24: 2, 25: 2, 26: 3, 27: 2, 28: 2, 29: 3, 30: 3, 31: 2, 32: 3, 33: 3}",0.44490358126721763,0.002998828887939453
1.481578947368421,1.0,5.0,"{0: 0, 1: 0, 2: 0, 3: 0, 4: 1, 5: 1, 6: 1, 7: 0, 8: 4, 9: 4, 10: 1, 11: 0, 12: 0, 13: 0, 14: 4, 15: 4, 16: 1, 17: 0, 18: 4, 19: 0, 20: 4, 21: 0, 22: 4, 23: 3, 24: 3, 25: 3, 26: 2, 27: 3, 28: 3, 29: 2, 30: 4, 31: 3, 32: 4, 33: 4}",0.43537414965986393,0.0009999275207519531
1.481578947368421,1.0,5.0,"{0: 1, 1: 0, 2: 0, 3: 0, 4: 1, 5: 1, 6: 1, 7: 0, 8: 2, 9: 2, 10: 1, 11: 1, 12: 0, 13: 0, 14: 2, 15: 2, 16: 1, 17: 1, 18: 2, 19: 1, 20: 2, 21: 1, 22: 2, 23: 3, 24: 3, 25: 3, 26: 4, 27: 3, 28: 3, 29: 4, 30: 2, 31: 3, 32: 2, 33: 2}",0.418142463597009,0.002004384994506836
1.481578947368421,1.0,4.0,"{0: 1, 1: 0, 2: 0, 3: 0, 4: 1, 5: 1, 6: 1, 7: 0, 8: 2, 9: 2, 10: 1, 11: 1, 12: 0, 13: 0, 14: 2, 15: 2, 16: 1, 17: 1, 18: 2, 19: 1, 20: 2, 21: 1, 22: 2, 23: 3, 24: 3, 25: 3, 26: 2, 27: 3, 28: 3, 29: 2, 30: 2, 31: 3, 32: 2, 33: 2}",0.4276718952043627,0.002004384994506836
1.481578947368421,1.0,5.0,"{0: 1, 1: 0, 2: 0, 3: 0, 4: 1, 5: 1, 6: 1, 7: 0, 8: 4, 9: 4, 10: 1, 11: 1, 12: 0, 13: 0, 14: 4, 15: 4, 16: 1, 17: 1, 18: 4, 19: 1, 20: 4, 21: 1, 22: 4, 23: 2, 24: 2, 25: 2, 26: 3, 27: 2, 28: 2, 29: 3, 30: 4, 31: 2, 32: 4, 33: 4}",0.418142463597009,0.0030040740966796875
1.481578947368421,1.0,5.0,"{0: 0, 1: 0, 2: 0, 3: 0, 4: 1, 5: 1, 6: 1, 7: 0, 8: 4, 9: 4, 10: 1, 11: 0, 12: 0, 13: 0, 14: 4, 15: 4, 16: 1, 17: 0, 18: 4, 19: 0, 20: 4, 21: 0, 22: 4, 23: 3, 24: 3, 25: 3, 26: 2, 27: 3, 28: 3, 29: 2, 30: 4, 31: 3, 32: 4, 33: 4}",0.43537414965986393,0.002996683120727539
1.481578947368421,1.0,5.0,"{0: 0, 1: 0, 2: 0, 3: 0, 4: 1, 5: 1, 6: 1, 7: 0, 8: 4, 9: 4, 10: 1, 11: 0, 12: 0, 13: 0, 14: 4, 15: 4, 16: 1, 17: 0, 18: 4, 19: 0, 20: 4, 21: 0, 22: 4, 23: 3, 24: 3, 25: 3, 26: 2, 27: 3, 28: 3, 29: 2, 30: 4, 31: 3, 32: 4, 33: 4}",0.43537414965986393,0.0030019283294677734
1.481578947368421,1.0,5.0,"{0: 1, 1: 1, 2: 1, 3: 1, 4: 0, 5: 0, 6: 0, 7: 1, 8: 4, 9: 4, 10: 0, 11: 1, 12: 1, 13: 1, 14: 4, 15: 4, 16: 0, 17: 1, 18: 4, 19: 1, 20: 4, 21: 1, 22: 4, 23: 3, 24: 3, 25: 3, 26: 2, 27: 3, 28: 3, 29: 2, 30: 4, 31: 3, 32: 4, 33: 4}",0.43537414965986393,0.00400090217590332
1.481578947368421,1.0,4.0,"{0: 1, 1: 1, 2: 1, 3: 1, 4: 0, 5: 0, 6: 0, 7: 1, 8: 3, 9: 3, 10: 0, 11: 1, 12: 1, 13: 1, 14: 3, 15: 3, 16: 0, 17: 1, 18: 3, 19: 1, 20: 3, 21: 1, 22: 3, 23: 2, 24: 2, 25: 2, 26: 3, 27: 2, 28: 2, 29: 3, 30: 3, 31: 2, 32: 3, 33: 3}",0.44490358126721763,0.002998828887939453
1.481578947368421,1.0,5.0,"{0: 0, 1: 1, 2: 1, 3: 1, 4: 0, 5: 0, 6: 0, 7: 1, 8: 3, 9: 3, 10: 0, 11: 0, 12: 1, 13: 1, 14: 3, 15: 3, 16: 0, 17: 0, 18: 3, 19: 0, 20: 3, 21: 0, 22: 3, 23: 4, 24: 4, 25: 4, 26: 2, 27: 4, 28: 4, 29: 2, 30: 3, 31: 4, 32: 3, 33: 3}",0.418142463597009,0.003997802734375
1.481578947368421,1.0,5.0,"{0: 0, 1: 0, 2: 0, 3: 0, 4: 1, 5: 1, 6: 1, 7: 0, 8: 4, 9: 4, 10: 1, 11: 0, 12: 0, 13: 0, 14: 4, 15: 4, 16: 1, 17: 0, 18: 4, 19: 0, 20: 4, 21: 0, 22: 4, 23: 3, 24: 3, 25: 3, 26: 2, 27: 3, 28: 3, 29: 2, 30: 4, 31: 3, 32: 4, 33: 4}",0.43537414965986393,0.0030002593994140625
1.5210526315789474,1.0,5.0,"{0: 1, 1: 0, 2: 0, 3: 0, 4: 1, 5: 1, 6: 1, 7: 0, 8: 4, 9: 4, 10: 1, 11: 1, 12: 0, 13: 0, 14: 4, 15: 4, 16: 1, 17: 1, 18: 4, 19: 1, 20: 4, 21: 1, 22: 4, 23: 3, 24: 3, 25: 3, 26: 2, 27: 3, 28: 3, 29: 2, 30: 4, 31: 3, 32: 4, 33: 4}",0.418142463597009,0.0019061565399169922
1.5210526315789474,1.0,5.0,"{0: 0, 1: 1, 2: 1, 3: 1, 4: 0, 5: 0, 6: 0, 7: 1, 8: 2, 9: 2, 10: 0, 11: 0, 12: 1, 13: 1, 14: 2, 15: 2, 16: 0, 17: 0, 18: 2, 19: 0, 20: 2, 21: 0, 22: 2, 23: 3, 24: 3, 25: 3, 26: 4, 27: 3, 28: 3, 29: 4, 30: 2, 31: 3, 32: 2, 33: 2}",0.418142463597009,0.0019061565399169922
1.5210526315789474,1.0,5.0,"{0: 1, 1: 0, 2: 0, 3: 0, 4: 1, 5: 1, 6: 1, 7: 0, 8: 2, 9: 2, 10: 1, 11: 1, 12: 0, 13: 0, 14: 2, 15: 2, 16: 1, 17: 1, 18: 2, 19: 1, 20: 2, 21: 1, 22: 2, 23: 3, 24: 3, 25: 3, 26: 4, 27: 3, 28: 3, 29: 4, 30: 2, 31: 3, 32: 2, 33: 2}",0.418142463597009,0.0019061565399169922
1.5210526315789474,1.0,4.0,"{0: 0, 1: 1, 2: 1, 3: 1, 4: 0, 5: 0, 6: 0, 7: 1, 8: 2, 9: 2, 10: 0, 11: 0, 12: 1, 13: 1, 14: 2, 15: 2, 16: 0, 17: 0, 18: 2, 19: 0, 20: 2, 21: 0, 22: 2, 23: 3, 24: 3, 25: 3, 26: 2, 27: 3, 28: 3, 29: 2, 30: 2, 31: 3, 32: 2, 33: 2}",0.4276718952043627,0.0019989013671875
1.5210526315789474,1.0,5.0,"{0: 0, 1: 2, 2: 2, 3: 2, 4: 0, 5: 0, 6: 0, 7: 2, 8: 1, 9: 1, 10: 0, 11: 0, 12: 2, 13: 2, 14: 1, 15: 1, 16: 0, 17: 0, 18: 1, 19: 0, 20: 1, 21: 0, 22: 1, 23: 3, 24: 3, 25: 3, 26: 4, 27: 3, 28: 3, 29: 4, 30: 1, 31: 3, 32: 1, 33: 1}",0.418142463597009,0.002000093460083008
1.5210526315789474,1.0,5.0,"{0: 1, 1: 0, 2: 0, 3: 0, 4: 1, 5: 1, 6: 1, 7: 0, 8: 4, 9: 4, 10: 1, 11: 1, 12: 0, 13: 0, 14: 4, 15: 4, 16: 1, 17: 1, 18: 4, 19: 1, 20: 4, 21: 1, 22: 4, 23: 2, 24: 2, 25: 2, 26: 3, 27: 2, 28: 2, 29: 3, 30: 4, 31: 2, 32: 4, 33: 4}",0.418142463597009,0.003000497817993164
1.5210526315789474,1.0,4.0,"{0: 1, 1: 0, 2: 0, 3: 0, 4: 1, 5: 1, 6: 1, 7: 0, 8: 3, 9: 3, 10: 1, 11: 1, 12: 0, 13: 0, 14: 3, 15: 3, 16: 1, 17: 1, 18: 3, 19: 1, 20: 3, 21: 1, 22: 3, 23: 2, 24: 2, 25: 2, 26: 3, 27: 2, 28: 2, 29: 3, 30: 3, 31: 2, 32: 3, 33: 3}",0.4276718952043627,0.0009996891021728516
1.5210526315789474,1.0,5.0,"{0: 0, 1: 1, 2: 1, 3: 1, 4: 0, 5: 0, 6: 0, 7: 1, 8: 4, 9: 4, 10: 0, 11: 0, 12: 1, 13: 1, 14: 4, 15: 4, 16: 0, 17: 0, 18: 4, 19: 0, 20: 4, 21: 0, 22: 4, 23: 3, 24: 3, 25: 3, 26: 2, 27: 3, 28: 3, 29: 2, 30: 4, 31: 3, 32: 4, 33: 4}",0.418142463597009,0.002000093460083008
1.5210526315789474,1.0,4.0,"{0: 0, 1: 1, 2: 1, 3: 1, 4: 0, 5: 0, 6: 0, 7: 1, 8: 3, 9: 3, 10: 0, 11: 0, 12: 1, 13: 1, 14: 3, 15: 3, 16: 0, 17: 0, 18: 3, 19: 0, 20: 3, 21: 0, 22: 3, 23: 2, 24: 2, 25: 2, 26: 3, 27: 2, 28: 2, 29: 3, 30: 3, 31: 2, 32: 3, 33: 3}",0.4276718952043627,0.0020058155059814453
1.5210526315789474,1.0,5.0,"{0: 0, 1: 1, 2: 1, 3: 1, 4: 0, 5: 0, 6: 0, 7: 1, 8: 4, 9: 4, 10: 0, 11: 0, 12: 1, 13: 1, 14: 4, 15: 4, 16: 0, 17: 0, 18: 4, 19: 0, 20: 4, 21: 0, 22: 4, 23: 2, 24: 2, 25: 2, 26: 3, 27: 2, 28: 2, 29: 3, 30: 4, 31: 2, 32: 4, 33: 4}",0.418142463597009,0.0020058155059814453
1.5605263157894738,1.0,5.0,"{0: 1, 1: 0, 2: 0, 3: 0, 4: 1, 5: 1, 6: 1, 7: 0, 8: 2, 9: 2, 10: 1, 11: 1, 12: 0, 13: 0, 14: 2, 15: 2, 16: 1, 17: 1, 18: 2, 19: 1, 20: 2, 21: 1, 22: 2, 23: 3, 24: 3, 25: 3, 26: 4, 27: 3, 28: 3, 29: 4, 30: 2, 31: 3, 32: 2, 33: 2}",0.418142463597009,0.0009992122650146484
1.5605263157894738,1.0,5.0,"{0: 0, 1: 1, 2: 1, 3: 1, 4: 0, 5: 0, 6: 0, 7: 1, 8: 2, 9: 2, 10: 0, 11: 0, 12: 1, 13: 1, 14: 2, 15: 2, 16: 0, 17: 0, 18: 2, 19: 0, 20: 2, 21: 0, 22: 2, 23: 4, 24: 4, 25: 4, 26: 3, 27: 4, 28: 4, 29: 3, 30: 2, 31: 4, 32: 2, 33: 2}",0.418142463597009,0.0009992122650146484
1.5605263157894738,1.0,5.0,"{0: 0, 1: 1, 2: 1, 3: 1, 4: 0, 5: 0, 6: 0, 7: 1, 8: 2, 9: 2, 10: 0, 11: 0, 12: 1, 13: 1, 14: 2, 15: 2, 16: 0, 17: 0, 18: 2, 19: 0, 20: 2, 21: 0, 22: 2, 23: 3, 24: 3, 25: 3, 26: 4, 27: 3, 28: 3, 29: 4, 30: 2, 31: 3, 32: 2, 33: 2}",0.418142463597009,0.0009992122650146484
1.5605263157894738,1.0,5.0,"{0: 1, 1: 0, 2: 0, 3: 0, 4: 1, 5: 1, 6: 1, 7: 0, 8: 4, 9: 4, 10: 1, 11: 1, 12: 0, 13: 0, 14: 4, 15: 4, 16: 1, 17: 1, 18: 4, 19: 1, 20: 4, 21: 1, 22: 4, 23: 3, 24: 3, 25: 3, 26: 2, 27: 3, 28: 3, 29: 2, 30: 4, 31: 3, 32: 4, 33: 4}",0.418142463597009,0.0019996166229248047
1.5605263157894738,1.0,5.0,"{0: 1, 1: 0, 2: 0, 3: 0, 4: 1, 5: 1, 6: 1, 7: 0, 8: 4, 9: 4, 10: 1, 11: 1, 12: 0, 13: 0, 14: 4, 15: 4, 16: 1, 17: 1, 18: 4, 19: 1, 20: 4, 21: 1, 22: 4, 23: 2, 24: 2, 25: 2, 26: 3, 27: 2, 28: 2, 29: 3, 30: 4, 31: 2, 32: 4, 33: 4}",0.418142463597009,0.0020003318786621094
1.5605263157894738,1.0,4.0,"{0: 0, 1: 0, 2: 0, 3: 0, 4: 1, 5: 1, 6: 1, 7: 0, 8: 0, 9: 3, 10: 1, 11: 0, 12: 0, 13: 0, 14: 3, 15: 3, 16: 1, 17: 0, 18: 3, 19: 0, 20: 3, 21: 0, 22: 3, 23: 2, 24: 2, 25: 2, 26: 3, 27: 2, 28: 2, 29: 3, 30: 3, 31: 2, 32: 3, 33: 3}",0.42745638200183655,0.0009999275207519531
1.5605263157894738,1.0,4.0,"{0: 1, 1: 0, 2: 0, 3: 0, 4: 1, 5: 1, 6: 1, 7: 0, 8: 0, 9: 3, 10: 1, 11: 1, 12: 0, 13: 0, 14: 3, 15: 3, 16: 1, 17: 1, 18: 3, 19: 0, 20: 3, 21: 0, 22: 3, 23: 2, 24: 2, 25: 2, 26: 3, 27: 2, 28: 2, 29: 3, 30: 3, 31: 2, 32: 3, 33: 3}",0.40777908959727144,0.002000093460083008
1.5605263157894738,1.0,5.0,"{0: 1, 1: 0, 2: 0, 3: 0, 4: 1, 5: 1, 6: 1, 7: 0, 8: 4, 9: 4, 10: 1, 11: 1, 12: 0, 13: 0, 14: 4, 15: 4, 16: 1, 17: 1, 18: 4, 19: 1, 20: 4, 21: 1, 22: 4, 23: 3, 24: 3, 25: 3, 26: 2, 27: 3, 28: 3, 29: 2, 30: 4, 31: 3, 32: 4, 33: 4}",0.418142463597009,0.0019991397857666016
1.5605263157894738,1.0,5.0,"{0: 1, 1: 0, 2: 0, 3: 0, 4: 1, 5: 1, 6: 1, 7: 0, 8: 2, 9: 2, 10: 1, 11: 1, 12: 0, 13: 0, 14: 2, 15: 2, 16: 1, 17: 1, 18: 2, 19: 1, 20: 2, 21: 1, 22: 2, 23: 3, 24: 3, 25: 3, 26: 4, 27: 3, 28: 3, 29: 4, 30: 2, 31: 3, 32: 2, 33: 2}",0.418142463597009,0.0019991397857666016
1.5605263157894738,1.0,4.0,"{0: 1, 1: 0, 2: 0, 3: 0, 4: 1, 5: 1, 6: 1, 7: 0, 8: 3, 9: 3, 10: 1, 11: 1, 12: 0, 13: 0, 14: 3, 15: 3, 16: 1, 17: 1, 18: 3, 19: 1, 20: 3, 21: 1, 22: 3, 23: 2, 24: 2, 25: 2, 26: 3, 27: 2, 28: 2, 29: 3, 30: 3, 31: 2, 32: 3, 33: 3}",0.4276718952043627,0.0019991397857666016
1.6,1.0,5.0,"{0: 1, 1: 0, 2: 0, 3: 0, 4: 1, 5: 1, 6: 1, 7: 0, 8: 4, 9: 4, 10: 1, 11: 1, 12: 0, 13: 0, 14: 4, 15: 4, 16: 1, 17: 1, 18: 4, 19: 1, 20: 4, 21: 1, 22: 4, 23: 2, 24: 2, 25: 2, 26: 3, 27: 2, 28: 2, 29: 3, 30: 4, 31: 2, 32: 4, 33: 4}",0.418142463597009,0.0029070377349853516
1.6,1.0,5.0,"{0: 0, 1: 1, 2: 1, 3: 1, 4: 0, 5: 0, 6: 0, 7: 1, 8: 2, 9: 2, 10: 0, 11: 0, 12: 1, 13: 1, 14: 2, 15: 2, 16: 0, 17: 0, 18: 2, 19: 0, 20: 2, 21: 0, 22: 2, 23: 3, 24: 3, 25: 3, 26: 4, 27: 3, 28: 3, 29: 4, 30: 2, 31: 3, 32: 2, 33: 2}",0.418142463597009,0.0019066333770751953
1.6,1.0,4.0,"{0: 1, 1: 0, 2: 0, 3: 0, 4: 1, 5: 1, 6: 1, 7: 0, 8: 3, 9: 3, 10: 1, 11: 1, 12: 0, 13: 0, 14: 3, 15: 3, 16: 1, 17: 1, 18: 3, 19: 1, 20: 3, 21: 1, 22: 3, 23: 2, 24: 2, 25: 2, 26: 3, 27: 2, 28: 2, 29: 3, 30: 3, 31: 2, 32: 3, 33: 3}",0.4276718952043627,0.0029070377349853516
1.6,1.0,5.0,"{0: 1, 1: 0, 2: 0, 3: 0, 4: 1, 5: 1, 6: 1, 7: 0, 8: 4, 9: 4, 10: 1, 11: 1, 12: 0, 13: 0, 14: 4, 15: 4, 16: 1, 17: 1, 18: 4, 19: 0, 20: 4, 21: 0, 22: 4, 23: 3, 24: 3, 25: 3, 26: 2, 27: 3, 28: 3, 29: 2, 30: 4, 31: 3, 32: 4, 33: 4}",0.4167088322932479,0.0029070377349853516
1.6,1.0,5.0,"{0: 0, 1: 1, 2: 1, 3: 1, 4: 0, 5: 0, 6: 0, 7: 1, 8: 4, 9: 4, 10: 0, 11: 0, 12: 1, 13: 1, 14: 4, 15: 4, 16: 0, 17: 0, 18: 4, 19: 0, 20: 4, 21: 0, 22: 4, 23: 3, 24: 3, 25: 3, 26: 2, 27: 3, 28: 3, 29: 2, 30: 4, 31: 3, 32: 4, 33: 4}",0.418142463597009,0.0010004043579101562
1.6,1.0,5.0,"{0: 1, 1: 0, 2: 0, 3: 0, 4: 1, 5: 1, 6: 1, 7: 0, 8: 4, 9: 4, 10: 1, 11: 1, 12: 0, 13: 0, 14: 4, 15: 4, 16: 1, 17: 1, 18: 4, 19: 1, 20: 4, 21: 1, 22: 4, 23: 3, 24: 3, 25: 3, 26: 2, 27: 3, 28: 3, 29: 2, 30: 4, 31: 3, 32: 4, 33: 4}",0.418142463597009,0.0040018558502197266
1.6,1.0,5.0,"{0: 1, 1: 0, 2: 0, 3: 0, 4: 1, 5: 1, 6: 1, 7: 0, 8: 4, 9: 4, 10: 1, 11: 1, 12: 0, 13: 0, 14: 4, 15: 4, 16: 1, 17: 1, 18: 4, 19: 1, 20: 4, 21: 1, 22: 4, 23: 3, 24: 3, 25: 3, 26: 2, 27: 3, 28: 3, 29: 2, 30: 4, 31: 3, 32: 4, 33: 4}",0.418142463597009,0.0019996166229248047
1.6,1.0,5.0,"{0: 1, 1: 0, 2: 0, 3: 0, 4: 1, 5: 1, 6: 1, 7: 0, 8: 4, 9: 4, 10: 1, 11: 1, 12: 0, 13: 0, 14: 4, 15: 4, 16: 1, 17: 1, 18: 4, 19: 1, 20: 4, 21: 1, 22: 4, 23: 3, 24: 3, 25: 3, 26: 2, 27: 3, 28: 3, 29: 2, 30: 4, 31: 3, 32: 4, 33: 4}",0.418142463597009,0.0019996166229248047
1.6,1.0,5.0,"{0: 1, 1: 0, 2: 0, 3: 0, 4: 1, 5: 1, 6: 1, 7: 0, 8: 2, 9: 2, 10: 1, 11: 1, 12: 0, 13: 0, 14: 2, 15: 2, 16: 1, 17: 1, 18: 2, 19: 1, 20: 2, 21: 1, 22: 2, 23: 4, 24: 4, 25: 4, 26: 3, 27: 4, 28: 4, 29: 3, 30: 2, 31: 4, 32: 2, 33: 2}",0.418142463597009,0.004000425338745117
1.6,1.0,5.0,"{0: 1, 1: 0, 2: 0, 3: 0, 4: 1, 5: 1, 6: 1, 7: 0, 8: 2, 9: 2, 10: 1, 11: 1, 12: 0, 13: 0, 14: 2, 15: 2, 16: 1, 17: 1, 18: 2, 19: 1, 20: 2, 21: 1, 22: 2, 23: 3, 24: 3, 25: 3, 26: 4, 27: 3, 28: 3, 29: 4, 30: 2, 31: 3, 32: 2, 33: 2}",0.418142463597009,0.0019974708557128906
