matrix_res,score_res,k,sample,mod_score,energy,run_time
0.4,1.0,2.0,"{0: 1, 1: 1, 2: 1, 3: 1, 4: 1, 5: 1, 6: 1, 7: 1, 8: 1, 9: 1, 10: 1, 11: 0, 12: 1, 13: 1, 14: 1, 15: 1, 16: 1, 17: 1, 18: 1, 19: 1, 20: 1, 21: 1, 22: 1, 23: 1, 24: 1, 25: 1, 26: 1, 27: 1, 28: 1, 29: 1, 30: 1, 31: 1, 32: 1, 33: 1}",-8.433125316242526e-05,-47.75128205128202,9.854959964752197
0.4,1.0,2.0,"{0: 1, 1: 1, 2: 1, 3: 1, 4: 1, 5: 1, 6: 1, 7: 1, 8: 1, 9: 1, 10: 1, 11: 0, 12: 1, 13: 1, 14: 1, 15: 1, 16: 1, 17: 1, 18: 1, 19: 1, 20: 1, 21: 1, 22: 1, 23: 1, 24: 1, 25: 1, 26: 1, 27: 1, 28: 1, 29: 1, 30: 1, 31: 1, 32: 1, 33: 1}",-8.433125316242526e-05,-47.75128205128202,7.314405202865601
0.4,1.0,2.0,"{0: 1, 1: 1, 2: 1, 3: 1, 4: 1, 5: 1, 6: 1, 7: 1, 8: 1, 9: 1, 10: 1, 11: 0, 12: 1, 13: 1, 14: 1, 15: 1, 16: 1, 17: 1, 18: 1, 19: 1, 20: 1, 21: 1, 22: 1, 23: 1, 24: 1, 25: 1, 26: 1, 27: 1, 28: 1, 29: 1, 30: 1, 31: 1, 32: 1, 33: 1}",-8.433125316242526e-05,-47.75128205128202,9.991733074188232
0.4,1.0,2.0,"{0: 1, 1: 1, 2: 1, 3: 1, 4: 1, 5: 1, 6: 1, 7: 1, 8: 1, 9: 1, 10: 1, 11: 1, 12: 1, 13: 1, 14: 1, 15: 1, 16: 1, 17: 1, 18: 1, 19: 1, 20: 1, 21: 1, 22: 1, 23: 1, 24: 1, 25: 1, 26: 1, 27: 1, 28: 1, 29: 1, 30: 1, 31: 1, 32: 1, 33: 1}",0.0,-48.353846153846106,11.341675519943237
0.4,1.0,2.0,"{0: 1, 1: 1, 2: 1, 3: 1, 4: 1, 5: 1, 6: 1, 7: 1, 8: 1, 9: 1, 10: 1, 11: 1, 12: 1, 13: 1, 14: 1, 15: 1, 16: 1, 17: 1, 18: 1, 19: 1, 20: 1, 21: 1, 22: 1, 23: 1, 24: 1, 25: 1, 26: 1, 27: 1, 28: 1, 29: 1, 30: 1, 31: 1, 32: 1, 33: 1}",0.0,-48.353846153846106,7.207499265670776
0.4578947368421053,1.0,2.0,"{0: 1, 1: 1, 2: 1, 3: 1, 4: 1, 5: 1, 6: 1, 7: 1, 8: 1, 9: 1, 10: 1, 11: 1, 12: 1, 13: 1, 14: 1, 15: 1, 16: 1, 17: 1, 18: 1, 19: 1, 20: 1, 21: 0, 22: 1, 23: 1, 24: 1, 25: 1, 26: 1, 27: 1, 28: 1, 29: 1, 30: 1, 31: 1, 32: 1, 33: 1}",-0.00014992222784428687,-42.96700404858322,8.098778486251831
0.4578947368421053,1.0,2.0,"{0: 1, 1: 1, 2: 1, 3: 1, 4: 1, 5: 1, 6: 1, 7: 1, 8: 1, 9: 1, 10: 1, 11: 1, 12: 1, 13: 1, 14: 1, 15: 1, 16: 1, 17: 1, 18: 1, 19: 1, 20: 1, 21: 1, 22: 1, 23: 1, 24: 1, 25: 1, 26: 0, 27: 1, 28: 1, 29: 1, 30: 1, 31: 1, 32: 1, 33: 1}",-0.00033732501264970103,-42.967004048583206,11.79123306274414
0.4578947368421053,1.0,2.0,"{0: 1, 1: 1, 2: 1, 3: 1, 4: 1, 5: 1, 6: 1, 7: 1, 8: 1, 9: 1, 10: 1, 11: 0, 12: 1, 13: 1, 14: 1, 15: 1, 16: 1, 17: 0, 18: 1, 19: 1, 20: 1, 21: 1, 22: 1, 23: 1, 24: 1, 25: 1, 26: 1, 27: 1, 28: 1, 29: 1, 30: 1, 31: 1, 32: 1, 33: 1}",-0.00033732501264970103,-42.41609311740912,8.803004026412964
0.4578947368421053,1.0,2.0,"{0: 1, 1: 1, 2: 1, 3: 1, 4: 1, 5: 1, 6: 0, 7: 1, 8: 1, 9: 1, 10: 1, 11: 1, 12: 1, 13: 1, 14: 1, 15: 1, 16: 1, 17: 1, 18: 1, 19: 1, 20: 1, 21: 1, 22: 1, 23: 1, 24: 1, 25: 1, 26: 1, 27: 1, 28: 1, 29: 1, 30: 1, 31: 1, 32: 1, 33: 1}",-0.0015835535316054052,-41.847570850202644,6.784900188446045
0.4578947368421053,1.0,2.0,"{0: 1, 1: 1, 2: 1, 3: 1, 4: 1, 5: 1, 6: 1, 7: 1, 8: 1, 9: 1, 10: 1, 11: 1, 12: 1, 13: 1, 14: 1, 15: 1, 16: 1, 17: 1, 18: 1, 19: 1, 20: 1, 21: 1, 22: 1, 23: 1, 24: 1, 25: 1, 26: 1, 27: 1, 28: 1, 29: 1, 30: 1, 31: 1, 32: 1, 33: 1}",0.0,-44.06295546558727,8.215273380279541
0.5157894736842106,1.0,2.0,"{0: 1, 1: 1, 2: 1, 3: 1, 4: 1, 5: 1, 6: 1, 7: 1, 8: 1, 9: 1, 10: 1, 11: 0, 12: 1, 13: 1, 14: 1, 15: 1, 16: 1, 17: 1, 18: 1, 19: 1, 20: 1, 21: 1, 22: 1, 23: 1, 24: 1, 25: 1, 26: 1, 27: 1, 28: 1, 29: 1, 30: 1, 31: 1, 32: 1, 33: 1}",-8.433125316242526e-05,-39.284547908232234,6.151014566421509
0.5157894736842106,1.0,2.0,"{0: 1, 1: 1, 2: 1, 3: 1, 4: 1, 5: 1, 6: 1, 7: 1, 8: 1, 9: 1, 10: 1, 11: 1, 12: 1, 13: 1, 14: 1, 15: 1, 16: 1, 17: 1, 18: 1, 19: 1, 20: 1, 21: 1, 22: 1, 23: 1, 24: 1, 25: 1, 26: 1, 27: 1, 28: 1, 29: 1, 30: 1, 31: 1, 32: 1, 33: 1}",0.0,-39.77206477732805,9.174018859863281
0.5157894736842106,1.0,2.0,"{0: 1, 1: 1, 2: 1, 3: 1, 4: 1, 5: 1, 6: 1, 7: 1, 8: 1, 9: 1, 10: 1, 11: 1, 12: 1, 13: 1, 14: 1, 15: 1, 16: 1, 17: 1, 18: 1, 19: 1, 20: 0, 21: 1, 22: 0, 23: 1, 24: 1, 25: 1, 26: 1, 27: 1, 28: 1, 29: 1, 30: 1, 31: 1, 32: 1, 33: 1}",-0.0007589812784618273,-37.79554655870452,7.218451499938965
0.5157894736842106,1.0,2.0,"{0: 1, 1: 1, 2: 1, 3: 1, 4: 1, 5: 1, 6: 1, 7: 1, 8: 1, 9: 1, 10: 1, 11: 0, 12: 1, 13: 1, 14: 1, 15: 1, 16: 1, 17: 1, 18: 1, 19: 1, 20: 0, 21: 1, 22: 1, 23: 1, 24: 1, 25: 1, 26: 1, 27: 1, 28: 1, 29: 1, 30: 1, 31: 1, 32: 1, 33: 1}",-0.00045913682277314244,-38.29628879892047,8.774819374084473
0.5157894736842106,1.0,2.0,"{0: 1, 1: 1, 2: 1, 3: 1, 4: 1, 5: 1, 6: 1, 7: 1, 8: 1, 9: 1, 10: 1, 11: 1, 12: 1, 13: 1, 14: 1, 15: 1, 16: 0, 17: 1, 18: 1, 19: 1, 20: 1, 21: 1, 22: 1, 23: 1, 24: 1, 25: 1, 26: 1, 27: 1, 28: 1, 29: 1, 30: 1, 31: 1, 32: 1, 33: 1}",-0.00033732501264970103,-38.790418353576335,7.713922500610352
0.5736842105263158,1.0,2.0,"{0: 1, 1: 1, 2: 1, 3: 1, 4: 1, 5: 1, 6: 1, 7: 1, 8: 1, 9: 1, 10: 1, 11: 1, 12: 1, 13: 1, 14: 1, 15: 1, 16: 1, 17: 1, 18: 1, 19: 1, 20: 1, 21: 1, 22: 1, 23: 1, 24: 1, 25: 1, 26: 1, 27: 1, 28: 1, 29: 1, 30: 1, 31: 1, 32: 1, 33: 1}",0.0,-35.48117408906876,7.004570722579956
0.5736842105263158,1.0,2.0,"{0: 1, 1: 1, 2: 1, 3: 1, 4: 1, 5: 1, 6: 1, 7: 1, 8: 1, 9: 1, 10: 1, 11: 1, 12: 1, 13: 1, 14: 0, 15: 1, 16: 1, 17: 1, 18: 1, 19: 1, 20: 1, 21: 1, 22: 1, 23: 1, 24: 1, 25: 1, 26: 1, 27: 1, 28: 1, 29: 1, 30: 1, 31: 1, 32: 1, 33: 1}",-0.00023425348100671213,-34.613832658569436,13.87778091430664
0.5736842105263158,1.0,2.0,"{0: 1, 1: 1, 2: 1, 3: 1, 4: 1, 5: 1, 6: 1, 7: 1, 8: 1, 9: 1, 10: 1, 11: 0, 12: 1, 13: 1, 14: 1, 15: 1, 16: 1, 17: 1, 18: 1, 19: 1, 20: 0, 21: 1, 22: 1, 23: 1, 24: 1, 25: 1, 26: 1, 27: 1, 28: 1, 29: 1, 30: 1, 31: 1, 32: 1, 33: 1}",-0.00045913682277314244,-34.17648448043177,10.222087860107422
0.5736842105263158,1.0,2.0,"{0: 1, 1: 1, 2: 1, 3: 1, 4: 1, 5: 1, 6: 1, 7: 1, 8: 1, 9: 1, 10: 1, 11: 1, 12: 1, 13: 1, 14: 1, 15: 1, 16: 1, 17: 1, 18: 1, 19: 1, 20: 1, 21: 1, 22: 1, 23: 1, 24: 1, 25: 1, 26: 1, 27: 1, 28: 1, 29: 1, 30: 1, 31: 1, 32: 1, 33: 1}",0.0,-35.48117408906876,6.604592323303223
0.5736842105263158,1.0,2.0,"{0: 1, 1: 1, 2: 1, 3: 1, 4: 1, 5: 1, 6: 1, 7: 1, 8: 1, 9: 1, 10: 1, 11: 1, 12: 1, 13: 1, 14: 0, 15: 1, 16: 1, 17: 1, 18: 1, 19: 1, 20: 1, 21: 1, 22: 1, 23: 1, 24: 1, 25: 1, 26: 1, 27: 1, 28: 1, 29: 1, 30: 1, 31: 1, 32: 1, 33: 1}",-0.00023425348100671213,-34.613832658569436,8.528936862945557
0.6315789473684211,1.0,2.0,"{0: 1, 1: 1, 2: 1, 3: 1, 4: 1, 5: 1, 6: 1, 7: 1, 8: 1, 9: 1, 10: 1, 11: 0, 12: 0, 13: 1, 14: 1, 15: 1, 16: 1, 17: 1, 18: 1, 19: 1, 20: 1, 21: 1, 22: 1, 23: 1, 24: 1, 25: 1, 26: 1, 27: 1, 28: 0, 29: 1, 30: 1, 31: 1, 32: 1, 33: 1}",-0.0015835535316054052,-28.87854251012148,7.870929479598999
0.6315789473684211,1.0,2.0,"{0: 1, 1: 1, 2: 1, 3: 1, 4: 0, 5: 0, 6: 0, 7: 1, 8: 1, 9: 1, 10: 0, 11: 1, 12: 1, 13: 1, 14: 1, 15: 1, 16: 0, 17: 1, 18: 1, 19: 1, 20: 1, 21: 0, 22: 1, 23: 1, 24: 1, 25: 1, 26: 1, 27: 1, 28: 1, 29: 1, 30: 1, 31: 1, 32: 1, 33: 1}",0.13818144337624855,-29.785425101214575,9.771209001541138
0.6315789473684211,1.0,2.0,"{0: 1, 1: 1, 2: 1, 3: 1, 4: 1, 5: 1, 6: 1, 7: 1, 8: 1, 9: 1, 10: 1, 11: 1, 12: 1, 13: 1, 14: 1, 15: 0, 16: 1, 17: 1, 18: 0, 19: 1, 20: 1, 21: 1, 22: 1, 23: 1, 24: 1, 25: 1, 26: 1, 27: 1, 28: 1, 29: 1, 30: 1, 31: 1, 32: 1, 33: 1}",-0.0009370139240268485,-29.668016194332036,8.598378419876099
0.6315789473684211,1.0,2.0,"{0: 1, 1: 1, 2: 1, 3: 1, 4: 1, 5: 1, 6: 1, 7: 1, 8: 1, 9: 1, 10: 1, 11: 0, 12: 1, 13: 1, 14: 1, 15: 1, 16: 1, 17: 1, 18: 1, 19: 1, 20: 1, 21: 1, 22: 1, 23: 1, 24: 1, 25: 1, 26: 1, 27: 1, 28: 1, 29: 1, 30: 1, 31: 1, 32: 1, 33: 1}",-8.433125316242526e-05,-30.81781376518227,8.472795963287354
0.6315789473684211,1.0,2.0,"{0: 1, 1: 1, 2: 1, 3: 1, 4: 1, 5: 1, 6: 1, 7: 1, 8: 1, 9: 1, 10: 1, 11: 1, 12: 1, 13: 1, 14: 1, 15: 1, 16: 1, 17: 0, 18: 1, 19: 1, 20: 1, 21: 0, 22: 1, 23: 1, 24: 1, 25: 1, 26: 1, 27: 1, 28: 1, 29: 1, 30: 1, 31: 1, 32: 1, 33: 1}",-0.00045913682277314244,-29.668016194332,7.475595235824585
0.6894736842105263,1.0,2.0,"{0: 1, 1: 1, 2: 1, 3: 1, 4: 0, 5: 0, 6: 0, 7: 1, 8: 1, 9: 1, 10: 0, 11: 1, 12: 1, 13: 1, 14: 1, 15: 1, 16: 0, 17: 1, 18: 1, 19: 1, 20: 1, 21: 1, 22: 1, 23: 1, 24: 1, 25: 1, 26: 1, 27: 1, 28: 1, 29: 1, 30: 1, 31: 1, 32: 1, 33: 1}",0.1420044601862783,-27.24591767881242,5.91408896446228
0.6894736842105263,1.0,2.0,"{0: 1, 1: 1, 2: 1, 3: 1, 4: 0, 5: 0, 6: 0, 7: 1, 8: 1, 9: 1, 10: 0, 11: 0, 12: 0, 13: 1, 14: 1, 15: 1, 16: 0, 17: 1, 18: 1, 19: 1, 20: 1, 21: 1, 22: 1, 23: 1, 24: 1, 25: 1, 26: 0, 27: 1, 28: 1, 29: 1, 30: 1, 31: 1, 32: 1, 33: 1}",0.12848334926257007,-25.264574898785437,7.735563516616821
0.6894736842105263,1.0,2.0,"{0: 1, 1: 1, 2: 1, 3: 1, 4: 1, 5: 1, 6: 1, 7: 1, 8: 1, 9: 1, 10: 1, 11: 1, 12: 1, 13: 1, 14: 1, 15: 1, 16: 1, 17: 1, 18: 1, 19: 1, 20: 1, 21: 0, 22: 1, 23: 1, 24: 1, 25: 1, 26: 1, 27: 1, 28: 1, 29: 1, 30: 1, 31: 1, 32: 1, 33: 1}",-0.00014992222784428687,-26.260661268556046,6.095916271209717
0.6894736842105263,1.0,2.0,"{0: 1, 1: 1, 2: 1, 3: 0, 4: 1, 5: 1, 6: 1, 7: 1, 8: 1, 9: 1, 10: 1, 11: 1, 12: 0, 13: 1, 14: 1, 15: 1, 16: 1, 17: 1, 18: 1, 19: 1, 20: 1, 21: 1, 22: 1, 23: 1, 24: 1, 25: 1, 26: 1, 27: 1, 28: 1, 29: 1, 30: 1, 31: 1, 32: 1, 33: 1}",0.02143887858173569,-25.185357624831322,5.557332754135132
0.6894736842105263,1.0,2.0,"{0: 1, 1: 1, 2: 1, 3: 1, 4: 0, 5: 0, 6: 0, 7: 1, 8: 1, 9: 1, 10: 0, 11: 1, 12: 1, 13: 1, 14: 1, 15: 1, 16: 0, 17: 0, 18: 1, 19: 1, 20: 1, 21: 1, 22: 1, 23: 1, 24: 1, 25: 1, 26: 1, 27: 1, 28: 1, 29: 1, 30: 1, 31: 1, 32: 1, 33: 1}",0.1391653079964768,-26.46575573549259,7.870584726333618
0.7473684210526317,1.0,2.0,"{0: 1, 1: 1, 2: 1, 3: 1, 4: 0, 5: 0, 6: 0, 7: 1, 8: 1, 9: 0, 10: 0, 11: 1, 12: 1, 13: 1, 14: 1, 15: 1, 16: 0, 17: 1, 18: 1, 19: 1, 20: 1, 21: 1, 22: 1, 23: 1, 24: 1, 25: 1, 26: 1, 27: 1, 28: 1, 29: 1, 30: 1, 31: 1, 32: 1, 33: 1}",0.1391653079964768,-23.146086369770636,6.984916925430298
0.7473684210526317,1.0,2.0,"{0: 1, 1: 1, 2: 1, 3: 1, 4: 0, 5: 0, 6: 0, 7: 1, 8: 1, 9: 1, 10: 0, 11: 0, 12: 1, 13: 1, 14: 1, 15: 1, 16: 0, 17: 1, 18: 1, 19: 0, 20: 1, 21: 1, 22: 1, 23: 1, 24: 1, 25: 1, 26: 1, 27: 1, 28: 1, 29: 1, 30: 1, 31: 1, 32: 1, 33: 1}",0.1340585821105302,-22.444399460188972,9.023144483566284
0.7473684210526317,1.0,2.0,"{0: 1, 1: 1, 2: 1, 3: 1, 4: 0, 5: 0, 6: 0, 7: 1, 8: 1, 9: 0, 10: 0, 11: 1, 12: 1, 13: 1, 14: 1, 15: 1, 16: 0, 17: 1, 18: 1, 19: 1, 20: 1, 21: 1, 22: 0, 23: 1, 24: 1, 25: 1, 26: 1, 27: 1, 28: 1, 29: 1, 30: 1, 31: 1, 32: 1, 33: 1}",0.1340585821105302,-22.44919028340086,7.993619680404663
0.7473684210526317,1.0,2.0,"{0: 1, 1: 1, 2: 1, 3: 1, 4: 1, 5: 1, 6: 1, 7: 1, 8: 1, 9: 1, 10: 1, 11: 0, 12: 1, 13: 1, 14: 1, 15: 1, 16: 1, 17: 1, 18: 1, 19: 1, 20: 1, 21: 1, 22: 0, 23: 1, 24: 0, 25: 0, 26: 1, 27: 0, 28: 1, 29: 1, 30: 1, 31: 1, 32: 1, 33: 1}",0.02676111767020854,-20.826045883940704,6.5822601318359375
0.7473684210526317,1.0,2.0,"{0: 1, 1: 1, 2: 1, 3: 1, 4: 1, 5: 1, 6: 1, 7: 1, 8: 1, 9: 1, 10: 1, 11: 1, 12: 1, 13: 1, 14: 1, 15: 1, 16: 1, 17: 1, 18: 1, 19: 1, 20: 1, 21: 1, 22: 1, 23: 0, 24: 0, 25: 0, 26: 0, 27: 1, 28: 0, 29: 1, 30: 1, 31: 0, 32: 1, 33: 1}",0.10313712261764209,-20.67085020242926,8.843457221984863
0.8052631578947369,1.0,2.0,"{0: 1, 1: 1, 2: 1, 3: 1, 4: 1, 5: 1, 6: 1, 7: 1, 8: 1, 9: 1, 10: 1, 11: 1, 12: 1, 13: 1, 14: 0, 15: 0, 16: 1, 17: 1, 18: 0, 19: 1, 20: 1, 21: 1, 22: 0, 23: 0, 24: 0, 25: 0, 26: 0, 27: 0, 28: 0, 29: 0, 30: 0, 31: 0, 32: 0, 33: 0}",0.3685463165982647,-18.960425101214554,7.583437919616699
0.8052631578947369,1.0,2.0,"{0: 1, 1: 1, 2: 1, 3: 1, 4: 0, 5: 0, 6: 0, 7: 1, 8: 1, 9: 1, 10: 0, 11: 1, 12: 1, 13: 1, 14: 1, 15: 1, 16: 0, 17: 1, 18: 1, 19: 1, 20: 1, 21: 1, 22: 1, 23: 1, 24: 0, 25: 0, 26: 1, 27: 1, 28: 1, 29: 1, 30: 1, 31: 1, 32: 1, 33: 1}",0.13590449954086317,-19.598380566801627,9.818464756011963
0.8052631578947369,1.0,2.0,"{0: 1, 1: 1, 2: 1, 3: 1, 4: 0, 5: 0, 6: 0, 7: 1, 8: 1, 9: 1, 10: 0, 11: 1, 12: 0, 13: 1, 14: 1, 15: 1, 16: 0, 17: 1, 18: 1, 19: 1, 20: 1, 21: 0, 22: 1, 23: 1, 24: 1, 25: 1, 26: 1, 27: 1, 28: 1, 29: 1, 30: 1, 31: 1, 32: 1, 33: 1}",0.1340585821105302,-19.230465587044534,10.026429653167725
0.8052631578947369,1.0,2.0,"{0: 1, 1: 1, 2: 1, 3: 1, 4: 0, 5: 0, 6: 0, 7: 1, 8: 1, 9: 1, 10: 0, 11: 0, 12: 1, 13: 1, 14: 0, 15: 1, 16: 0, 17: 1, 18: 1, 19: 1, 20: 1, 21: 1, 22: 1, 23: 1, 24: 1, 25: 1, 26: 1, 27: 1, 28: 1, 29: 1, 30: 1, 31: 1, 32: 1, 33: 1}",0.1340585821105302,-19.53360323886641,9.056850910186768
0.8052631578947369,1.0,2.0,"{0: 1, 1: 1, 2: 1, 3: 1, 4: 0, 5: 0, 6: 0, 7: 1, 8: 1, 9: 1, 10: 0, 11: 1, 12: 1, 13: 1, 14: 0, 15: 0, 16: 0, 17: 0, 18: 1, 19: 1, 20: 0, 21: 0, 22: 1, 23: 1, 24: 1, 25: 1, 26: 1, 27: 1, 28: 1, 29: 1, 30: 1, 31: 1, 32: 1, 33: 1}",0.11592736268060944,-17.318724696356274,9.42002558708191
0.8631578947368421,1.0,2.0,"{0: 1, 1: 1, 2: 1, 3: 1, 4: 1, 5: 1, 6: 1, 7: 1, 8: 1, 9: 1, 10: 1, 11: 1, 12: 1, 13: 1, 14: 0, 15: 0, 16: 1, 17: 1, 18: 0, 19: 1, 20: 0, 21: 1, 22: 0, 23: 0, 24: 0, 25: 0, 26: 0, 27: 0, 28: 0, 29: 0, 30: 1, 31: 0, 32: 0, 33: 0}",0.3793688274207755,-18.816869095816447,6.404955625534058
0.8631578947368421,1.0,2.0,"{0: 0, 1: 0, 2: 1, 3: 0, 4: 0, 5: 0, 6: 0, 7: 0, 8: 1, 9: 1, 10: 0, 11: 0, 12: 0, 13: 0, 14: 1, 15: 1, 16: 0, 17: 0, 18: 1, 19: 1, 20: 1, 21: 0, 22: 1, 23: 1, 24: 1, 25: 1, 26: 1, 27: 1, 28: 1, 29: 1, 30: 1, 31: 1, 32: 1, 33: 1}",0.33031614849796664,-19.094601889338723,8.23450517654419
0.8631578947368421,1.0,2.0,"{0: 1, 1: 1, 2: 1, 3: 1, 4: 1, 5: 1, 6: 1, 7: 1, 8: 0, 9: 1, 10: 1, 11: 1, 12: 1, 13: 1, 14: 0, 15: 0, 16: 1, 17: 1, 18: 0, 19: 1, 20: 0, 21: 1, 22: 0, 23: 0, 24: 0, 25: 0, 26: 0, 27: 0, 28: 1, 29: 0, 30: 0, 31: 0, 32: 0, 33: 0}",0.3917374112179307,-18.51700404858298,12.83828067779541
0.8631578947368421,1.0,2.0,"{0: 0, 1: 0, 2: 1, 3: 0, 4: 0, 5: 0, 6: 0, 7: 0, 8: 1, 9: 1, 10: 0, 11: 0, 12: 0, 13: 0, 14: 1, 15: 1, 16: 0, 17: 0, 18: 1, 19: 0, 20: 1, 21: 0, 22: 1, 23: 1, 24: 1, 25: 1, 26: 1, 27: 1, 28: 1, 29: 1, 30: 1, 31: 1, 32: 1, 33: 1}",0.3476602762317048,-19.588529014844795,9.849055290222168
0.8631578947368421,1.0,2.0,"{0: 0, 1: 0, 2: 1, 3: 0, 4: 0, 5: 0, 6: 0, 7: 0, 8: 1, 9: 1, 10: 0, 11: 0, 12: 0, 13: 0, 14: 1, 15: 1, 16: 1, 17: 0, 18: 1, 19: 0, 20: 1, 21: 0, 22: 1, 23: 1, 24: 1, 25: 1, 26: 1, 27: 1, 28: 1, 29: 1, 30: 1, 31: 1, 32: 1, 33: 1}",0.31640149172616705,-18.59257759784075,6.452232360839844
0.9210526315789475,1.0,2.0,"{0: 0, 1: 0, 2: 0, 3: 0, 4: 1, 5: 1, 6: 1, 7: 0, 8: 1, 9: 0, 10: 1, 11: 0, 12: 0, 13: 0, 14: 1, 15: 1, 16: 1, 17: 0, 18: 1, 19: 0, 20: 1, 21: 0, 22: 1, 23: 1, 24: 1, 25: 1, 26: 1, 27: 1, 28: 1, 29: 1, 30: 1, 31: 1, 32: 1, 33: 1}",0.32237027042221855,-15.899122807017532,7.977408170700073
0.9210526315789475,1.0,2.0,"{0: 1, 1: 1, 2: 1, 3: 1, 4: 1, 5: 1, 6: 1, 7: 1, 8: 0, 9: 1, 10: 1, 11: 1, 12: 1, 13: 1, 14: 0, 15: 0, 16: 1, 17: 1, 18: 0, 19: 0, 20: 0, 21: 1, 22: 0, 23: 0, 24: 1, 25: 0, 26: 0, 27: 0, 28: 1, 29: 0, 30: 0, 31: 1, 32: 0, 33: 0}",0.30539157811885087,-15.542004048583012,7.120027780532837
0.9210526315789475,1.0,2.0,"{0: 0, 1: 0, 2: 0, 3: 0, 4: 0, 5: 0, 6: 0, 7: 0, 8: 0, 9: 1, 10: 0, 11: 0, 12: 0, 13: 0, 14: 1, 15: 1, 16: 0, 17: 0, 18: 1, 19: 1, 20: 1, 21: 0, 22: 1, 23: 1, 24: 1, 25: 1, 26: 1, 27: 1, 28: 1, 29: 1, 30: 1, 31: 1, 32: 1, 33: 1}",0.3787785086486385,-16.82844129554656,8.346399307250977
0.9210526315789475,1.0,2.0,"{0: 0, 1: 0, 2: 1, 3: 0, 4: 0, 5: 0, 6: 0, 7: 0, 8: 1, 9: 1, 10: 0, 11: 0, 12: 0, 13: 0, 14: 1, 15: 1, 16: 0, 17: 0, 18: 1, 19: 0, 20: 1, 21: 0, 22: 1, 23: 1, 24: 1, 25: 1, 26: 0, 27: 1, 28: 1, 29: 1, 30: 1, 31: 1, 32: 1, 33: 1}",0.3262963587638912,-17.258603238866392,6.956140995025635
0.9210526315789475,1.0,2.0,"{0: 1, 1: 1, 2: 1, 3: 1, 4: 1, 5: 1, 6: 1, 7: 1, 8: 1, 9: 1, 10: 1, 11: 1, 12: 1, 13: 1, 14: 1, 15: 0, 16: 1, 17: 1, 18: 0, 19: 1, 20: 0, 21: 1, 22: 0, 23: 0, 24: 0, 25: 0, 26: 0, 27: 0, 28: 0, 29: 0, 30: 1, 31: 0, 32: 0, 33: 0}",0.3556155244466933,-16.502867746288818,6.8011250495910645
0.9789473684210527,1.0,2.0,"{0: 0, 1: 0, 2: 0, 3: 0, 4: 0, 5: 0, 6: 0, 7: 0, 8: 1, 9: 0, 10: 0, 11: 0, 12: 0, 13: 0, 14: 1, 15: 1, 16: 0, 17: 0, 18: 1, 19: 0, 20: 1, 21: 0, 22: 1, 23: 1, 24: 1, 25: 1, 26: 1, 27: 1, 28: 1, 29: 1, 30: 1, 31: 1, 32: 1, 33: 1}",0.3998332115215232,-16.849595141700394,9.026242733001709
0.9789473684210527,1.0,2.0,"{0: 1, 1: 1, 2: 1, 3: 1, 4: 1, 5: 1, 6: 1, 7: 1, 8: 1, 9: 1, 10: 1, 11: 1, 12: 1, 13: 1, 14: 0, 15: 0, 16: 1, 17: 1, 18: 0, 19: 1, 20: 0, 21: 1, 22: 0, 23: 0, 24: 0, 25: 0, 26: 0, 27: 0, 28: 1, 29: 0, 30: 1, 31: 0, 32: 0, 33: 0}",0.3681246603324525,-15.605668016194345,7.8206799030303955
0.9789473684210527,1.0,2.0,"{0: 1, 1: 1, 2: 1, 3: 1, 4: 1, 5: 1, 6: 1, 7: 1, 8: 0, 9: 1, 10: 1, 11: 1, 12: 1, 13: 1, 14: 0, 15: 0, 16: 1, 17: 1, 18: 0, 19: 1, 20: 0, 21: 1, 22: 0, 23: 0, 24: 0, 25: 0, 26: 0, 27: 0, 28: 0, 29: 0, 30: 0, 31: 0, 32: 0, 33: 0}",0.3998332115215232,-16.77429149797572,9.789060592651367
0.9789473684210527,1.0,2.0,"{0: 1, 1: 1, 2: 1, 3: 1, 4: 1, 5: 1, 6: 1, 7: 1, 8: 0, 9: 0, 10: 1, 11: 1, 12: 1, 13: 1, 14: 1, 15: 0, 16: 1, 17: 1, 18: 0, 19: 1, 20: 0, 21: 1, 22: 0, 23: 0, 24: 0, 25: 0, 26: 0, 27: 1, 28: 0, 29: 0, 30: 0, 31: 0, 32: 0, 33: 0}",0.343696707333071,-14.816396761133612,8.497061491012573
0.9789473684210527,1.0,2.0,"{0: 0, 1: 0, 2: 0, 3: 0, 4: 0, 5: 0, 6: 0, 7: 0, 8: 0, 9: 0, 10: 0, 11: 0, 12: 0, 13: 0, 14: 1, 15: 1, 16: 0, 17: 1, 18: 1, 19: 0, 20: 1, 21: 0, 22: 1, 23: 1, 24: 1, 25: 1, 26: 1, 27: 1, 28: 1, 29: 1, 30: 0, 31: 1, 32: 1, 33: 1}",0.3674218998894324,-15.006072874493919,7.130252838134766
1.036842105263158,1.0,2.0,"{0: 0, 1: 0, 2: 0, 3: 0, 4: 0, 5: 0, 6: 0, 7: 0, 8: 1, 9: 1, 10: 0, 11: 0, 12: 0, 13: 0, 14: 1, 15: 1, 16: 0, 17: 0, 18: 1, 19: 0, 20: 1, 21: 0, 22: 1, 23: 1, 24: 1, 25: 1, 26: 1, 27: 1, 28: 1, 29: 1, 30: 1, 31: 1, 32: 1, 33: 1}",0.40362811791383213,-15.798481781376514,6.7705512046813965
1.036842105263158,1.0,2.0,"{0: 1, 1: 1, 2: 1, 3: 1, 4: 1, 5: 1, 6: 1, 7: 1, 8: 0, 9: 1, 10: 1, 11: 1, 12: 1, 13: 1, 14: 0, 15: 0, 16: 1, 17: 1, 18: 0, 19: 1, 20: 0, 21: 1, 22: 0, 23: 0, 24: 0, 25: 0, 26: 0, 27: 0, 28: 0, 29: 0, 30: 0, 31: 0, 32: 0, 33: 0}",0.3998332115215232,-15.755566801619429,12.039417266845703
1.036842105263158,1.0,2.0,"{0: 1, 1: 1, 2: 1, 3: 1, 4: 1, 5: 1, 6: 1, 7: 1, 8: 1, 9: 0, 10: 1, 11: 0, 12: 1, 13: 1, 14: 0, 15: 0, 16: 1, 17: 1, 18: 0, 19: 1, 20: 0, 21: 1, 22: 0, 23: 0, 24: 0, 25: 0, 26: 0, 27: 0, 28: 0, 29: 0, 30: 0, 31: 0, 32: 0, 33: 0}",0.37870354753471636,-14.771896086369768,8.709728956222534
1.036842105263158,1.0,2.0,"{0: 0, 1: 0, 2: 0, 3: 0, 4: 0, 5: 0, 6: 0, 7: 0, 8: 1, 9: 0, 10: 0, 11: 0, 12: 0, 13: 0, 14: 1, 15: 1, 16: 0, 17: 0, 18: 1, 19: 0, 20: 1, 21: 0, 22: 1, 23: 1, 24: 1, 25: 1, 26: 1, 27: 1, 28: 1, 29: 1, 30: 1, 31: 1, 32: 1, 33: 1}",0.3998332115215232,-15.835323886639676,9.06845235824585
1.036842105263158,1.0,2.0,"{0: 0, 1: 0, 2: 1, 3: 0, 4: 0, 5: 0, 6: 0, 7: 0, 8: 1, 9: 1, 10: 0, 11: 1, 12: 0, 13: 0, 14: 1, 15: 1, 16: 0, 17: 0, 18: 1, 19: 0, 20: 1, 21: 0, 22: 1, 23: 1, 24: 1, 25: 1, 26: 1, 27: 1, 28: 1, 29: 1, 30: 1, 31: 1, 32: 1, 33: 1}",0.3321152152320983,-14.883164642375165,7.3149731159210205
1.0947368421052632,1.0,2.0,"{0: 0, 1: 0, 2: 0, 3: 0, 4: 0, 5: 0, 6: 0, 7: 0, 8: 1, 9: 0, 10: 0, 11: 0, 12: 0, 13: 0, 14: 1, 15: 1, 16: 0, 17: 0, 18: 1, 19: 0, 20: 1, 21: 0, 22: 1, 23: 1, 24: 1, 25: 1, 26: 1, 27: 1, 28: 1, 29: 1, 30: 1, 31: 1, 32: 1, 33: 1}",0.3998332115215232,-14.821052631578944,6.811740875244141
1.0947368421052632,1.0,2.0,"{0: 1, 1: 1, 2: 1, 3: 1, 4: 1, 5: 1, 6: 1, 7: 1, 8: 0, 9: 0, 10: 1, 11: 1, 12: 1, 13: 1, 14: 0, 15: 0, 16: 1, 17: 1, 18: 0, 19: 1, 20: 0, 21: 1, 22: 0, 23: 0, 24: 0, 25: 0, 26: 0, 27: 0, 28: 0, 29: 0, 30: 0, 31: 0, 32: 0, 33: 0}",0.40362811791383213,-14.803508771929815,7.966873407363892
1.0947368421052632,1.0,2.0,"{0: 0, 1: 0, 2: 0, 3: 0, 4: 0, 5: 0, 6: 0, 7: 0, 8: 1, 9: 0, 10: 0, 11: 0, 12: 0, 13: 0, 14: 1, 15: 1, 16: 0, 17: 0, 18: 1, 19: 0, 20: 1, 21: 0, 22: 1, 23: 1, 24: 1, 25: 1, 26: 1, 27: 1, 28: 1, 29: 1, 30: 1, 31: 1, 32: 1, 33: 1}",0.3998332115215232,-14.821052631578944,7.546557188034058
1.0947368421052632,1.0,2.0,"{0: 1, 1: 1, 2: 1, 3: 1, 4: 1, 5: 1, 6: 1, 7: 1, 8: 0, 9: 1, 10: 1, 11: 1, 12: 1, 13: 1, 14: 0, 15: 0, 16: 1, 17: 1, 18: 0, 19: 1, 20: 0, 21: 1, 22: 0, 23: 0, 24: 0, 25: 0, 26: 0, 27: 0, 28: 0, 29: 0, 30: 0, 31: 0, 32: 0, 33: 0}",0.3998332115215232,-14.736842105263147,7.805394887924194
1.0947368421052632,1.0,2.0,"{0: 1, 1: 1, 2: 1, 3: 1, 4: 1, 5: 1, 6: 1, 7: 1, 8: 0, 9: 0, 10: 1, 11: 1, 12: 1, 13: 1, 14: 0, 15: 0, 16: 1, 17: 1, 18: 0, 19: 1, 20: 0, 21: 1, 22: 0, 23: 0, 24: 0, 25: 0, 26: 0, 27: 0, 28: 0, 29: 0, 30: 0, 31: 0, 32: 0, 33: 0}",0.40362811791383213,-14.803508771929815,6.88958477973938
1.1526315789473687,1.0,2.0,"{0: 1, 1: 1, 2: 1, 3: 1, 4: 1, 5: 1, 6: 1, 7: 1, 8: 0, 9: 0, 10: 1, 11: 1, 12: 1, 13: 1, 14: 0, 15: 0, 16: 1, 17: 1, 18: 0, 19: 1, 20: 0, 21: 1, 22: 0, 23: 0, 24: 0, 25: 0, 26: 0, 27: 0, 28: 0, 29: 0, 30: 0, 31: 0, 32: 0, 33: 0}",0.40362811791383213,-13.841194331983807,7.349735975265503
1.1526315789473687,1.0,2.0,"{0: 1, 1: 1, 2: 0, 3: 1, 4: 1, 5: 1, 6: 1, 7: 1, 8: 0, 9: 0, 10: 1, 11: 1, 12: 1, 13: 1, 14: 0, 15: 0, 16: 1, 17: 1, 18: 0, 19: 1, 20: 0, 21: 1, 22: 0, 23: 0, 24: 0, 25: 0, 26: 0, 27: 0, 28: 0, 29: 0, 30: 0, 31: 0, 32: 0, 33: 0}",0.3476602762317048,-13.717712550607294,11.530969142913818
1.1526315789473687,1.0,2.0,"{0: 0, 1: 0, 2: 0, 3: 0, 4: 0, 5: 0, 6: 0, 7: 0, 8: 1, 9: 0, 10: 0, 11: 0, 12: 0, 13: 0, 14: 1, 15: 1, 16: 0, 17: 0, 18: 1, 19: 0, 20: 1, 21: 0, 22: 1, 23: 1, 24: 1, 25: 1, 26: 1, 27: 1, 28: 1, 29: 1, 30: 1, 31: 1, 32: 1, 33: 1}",0.3998332115215232,-13.806781376518215,8.569342613220215
1.1526315789473687,1.0,2.0,"{0: 1, 1: 1, 2: 1, 3: 1, 4: 1, 5: 1, 6: 1, 7: 1, 8: 1, 9: 0, 10: 1, 11: 1, 12: 1, 13: 1, 14: 0, 15: 0, 16: 1, 17: 1, 18: 0, 19: 1, 20: 0, 21: 1, 22: 0, 23: 0, 24: 0, 25: 0, 26: 0, 27: 0, 28: 0, 29: 0, 30: 0, 31: 0, 32: 0, 33: 0}",0.39143756676224206,-13.033502024291503,12.151519298553467
1.1526315789473687,1.0,2.0,"{0: 0, 1: 0, 2: 0, 3: 0, 4: 0, 5: 0, 6: 0, 7: 0, 8: 1, 9: 0, 10: 0, 11: 0, 12: 0, 13: 0, 14: 1, 15: 1, 16: 0, 17: 1, 18: 1, 19: 0, 20: 1, 21: 0, 22: 1, 23: 1, 24: 1, 25: 1, 26: 1, 27: 1, 28: 1, 29: 1, 30: 1, 31: 1, 32: 1, 33: 1}",0.38631210059781484,-12.654149797570843,8.321541786193848
1.210526315789474,1.0,2.0,"{0: 1, 1: 1, 2: 1, 3: 1, 4: 1, 5: 1, 6: 1, 7: 1, 8: 0, 9: 0, 10: 1, 11: 1, 12: 1, 13: 1, 14: 0, 15: 0, 16: 1, 17: 1, 18: 0, 19: 1, 20: 0, 21: 1, 22: 0, 23: 0, 24: 0, 25: 0, 26: 0, 27: 0, 28: 0, 29: 0, 30: 0, 31: 0, 32: 0, 33: 0}",0.40362811791383213,-12.878879892037785,11.678861141204834
1.210526315789474,1.0,2.0,"{0: 0, 1: 0, 2: 0, 3: 0, 4: 0, 5: 0, 6: 0, 7: 0, 8: 0, 9: 1, 10: 0, 11: 0, 12: 0, 13: 0, 14: 0, 15: 1, 16: 0, 17: 0, 18: 1, 19: 0, 20: 1, 21: 0, 22: 1, 23: 1, 24: 1, 25: 1, 26: 1, 27: 1, 28: 1, 29: 1, 30: 1, 31: 1, 32: 1, 33: 1}",0.36899608328179756,-11.624831309041832,9.8353271484375
1.210526315789474,1.0,2.0,"{0: 0, 1: 0, 2: 0, 3: 0, 4: 0, 5: 0, 6: 0, 7: 0, 8: 1, 9: 1, 10: 0, 11: 0, 12: 0, 13: 0, 14: 1, 15: 1, 16: 0, 17: 0, 18: 1, 19: 0, 20: 1, 21: 0, 22: 1, 23: 1, 24: 1, 25: 1, 26: 1, 27: 1, 28: 1, 29: 1, 30: 1, 31: 1, 32: 1, 33: 1}",0.40362811791383213,-12.581983805668013,7.274942398071289
1.210526315789474,1.0,2.0,"{0: 0, 1: 0, 2: 0, 3: 0, 4: 0, 5: 0, 6: 0, 7: 0, 8: 0, 9: 1, 10: 0, 11: 1, 12: 0, 13: 0, 14: 1, 15: 1, 16: 0, 17: 0, 18: 1, 19: 0, 20: 1, 21: 0, 22: 1, 23: 1, 24: 1, 25: 1, 26: 0, 27: 1, 28: 1, 29: 1, 30: 1, 31: 1, 32: 1, 33: 1}",0.35205487153539106,-11.058367071524964,8.811539649963379
1.210526315789474,1.0,2.0,"{0: 0, 1: 0, 2: 0, 3: 0, 4: 0, 5: 0, 6: 0, 7: 0, 8: 1, 9: 0, 10: 0, 11: 0, 12: 0, 13: 0, 14: 1, 15: 1, 16: 0, 17: 0, 18: 1, 19: 0, 20: 1, 21: 0, 22: 1, 23: 1, 24: 1, 25: 1, 26: 1, 27: 1, 28: 1, 29: 1, 30: 1, 31: 1, 32: 1, 33: 1}",0.3998332115215232,-12.79251012145749,7.589685916900635
1.2684210526315791,1.0,2.0,"{0: 0, 1: 0, 2: 0, 3: 0, 4: 0, 5: 0, 6: 0, 7: 0, 8: 1, 9: 1, 10: 0, 11: 0, 12: 0, 13: 0, 14: 1, 15: 1, 16: 0, 17: 0, 18: 1, 19: 0, 20: 1, 21: 0, 22: 1, 23: 1, 24: 1, 25: 1, 26: 1, 27: 1, 28: 1, 29: 1, 30: 1, 31: 1, 32: 1, 33: 1}",0.40362811791383213,-11.509817813765178,7.933300495147705
1.2684210526315791,1.0,2.0,"{0: 0, 1: 0, 2: 0, 3: 0, 4: 0, 5: 0, 6: 0, 7: 0, 8: 0, 9: 1, 10: 0, 11: 0, 12: 0, 13: 0, 14: 1, 15: 1, 16: 0, 17: 0, 18: 1, 19: 0, 20: 1, 21: 0, 22: 1, 23: 1, 24: 1, 25: 1, 26: 1, 27: 1, 28: 1, 29: 1, 30: 0, 31: 1, 32: 1, 33: 1}",0.3847379172054497,-11.868083670715247,7.074565887451172
1.2684210526315791,1.0,2.0,"{0: 1, 1: 1, 2: 1, 3: 1, 4: 1, 5: 1, 6: 1, 7: 1, 8: 0, 9: 0, 10: 1, 11: 1, 12: 1, 13: 1, 14: 0, 15: 0, 16: 1, 17: 1, 18: 0, 19: 1, 20: 0, 21: 1, 22: 0, 23: 0, 24: 0, 25: 0, 26: 0, 27: 0, 28: 0, 29: 0, 30: 0, 31: 0, 32: 0, 33: 0}",0.40362811791383213,-11.91656545209177,7.351959705352783
1.2684210526315791,1.0,2.0,"{0: 0, 1: 0, 2: 0, 3: 0, 4: 0, 5: 0, 6: 0, 7: 0, 8: 0, 9: 0, 10: 0, 11: 0, 12: 0, 13: 0, 14: 1, 15: 1, 16: 0, 17: 0, 18: 1, 19: 0, 20: 1, 21: 0, 22: 1, 23: 1, 24: 1, 25: 1, 26: 1, 27: 1, 28: 1, 29: 1, 30: 0, 31: 1, 32: 1, 33: 1}",0.3793688274207755,-11.990148448043184,5.705268383026123
1.2684210526315791,1.0,2.0,"{0: 1, 1: 1, 2: 0, 3: 1, 4: 1, 5: 1, 6: 1, 7: 1, 8: 0, 9: 0, 10: 1, 11: 1, 12: 1, 13: 1, 14: 0, 15: 0, 16: 1, 17: 1, 18: 0, 19: 1, 20: 0, 21: 1, 22: 0, 23: 0, 24: 0, 25: 0, 26: 0, 27: 0, 28: 0, 29: 0, 30: 0, 31: 0, 32: 0, 33: 0}",0.3476602762317048,-12.282962213225371,9.082917928695679
1.3263157894736843,1.0,2.0,"{0: 1, 1: 1, 2: 1, 3: 1, 4: 0, 5: 1, 6: 0, 7: 1, 8: 0, 9: 1, 10: 1, 11: 1, 12: 1, 13: 1, 14: 0, 15: 0, 16: 1, 17: 1, 18: 0, 19: 1, 20: 0, 21: 1, 22: 0, 23: 0, 24: 0, 25: 0, 26: 0, 27: 0, 28: 0, 29: 0, 30: 0, 31: 0, 32: 0, 33: 0}",0.31895953973876046,-8.989473684210518,10.710428476333618
1.3263157894736843,1.0,2.0,"{0: 0, 1: 0, 2: 0, 3: 0, 4: 0, 5: 0, 6: 0, 7: 0, 8: 0, 9: 1, 10: 1, 11: 0, 12: 0, 13: 0, 14: 1, 15: 1, 16: 0, 17: 0, 18: 1, 19: 1, 20: 1, 21: 0, 22: 1, 23: 1, 24: 1, 25: 1, 26: 1, 27: 1, 28: 1, 29: 1, 30: 0, 31: 1, 32: 1, 33: 1}",0.3396769175989955,-8.342105263157894,8.157425880432129
1.3263157894736843,1.0,2.0,"{0: 1, 1: 1, 2: 1, 3: 1, 4: 1, 5: 1, 6: 1, 7: 1, 8: 0, 9: 0, 10: 1, 11: 1, 12: 1, 13: 1, 14: 0, 15: 0, 16: 1, 17: 1, 18: 0, 19: 1, 20: 0, 21: 1, 22: 0, 23: 0, 24: 0, 25: 0, 26: 0, 27: 0, 28: 0, 29: 0, 30: 0, 31: 0, 32: 0, 33: 0}",0.40362811791383213,-10.95425101214574,8.647953271865845
1.3263157894736843,1.0,2.0,"{0: 1, 1: 1, 2: 0, 3: 1, 4: 1, 5: 1, 6: 1, 7: 1, 8: 0, 9: 0, 10: 1, 11: 1, 12: 1, 13: 1, 14: 0, 15: 0, 16: 1, 17: 1, 18: 0, 19: 1, 20: 0, 21: 1, 22: 0, 23: 0, 24: 0, 25: 0, 26: 0, 27: 0, 28: 0, 29: 0, 30: 0, 31: 0, 32: 0, 33: 0}",0.3476602762317048,-11.565587044534404,8.061312913894653
1.3263157894736843,1.0,2.0,"{0: 1, 1: 1, 2: 0, 3: 1, 4: 1, 5: 1, 6: 1, 7: 1, 8: 0, 9: 0, 10: 1, 11: 0, 12: 1, 13: 1, 14: 0, 15: 0, 16: 1, 17: 1, 18: 0, 19: 0, 20: 0, 21: 0, 22: 0, 23: 0, 24: 0, 25: 0, 26: 0, 27: 0, 28: 0, 29: 0, 30: 0, 31: 0, 32: 0, 33: 0}",0.29312606585333856,-9.719838056680157,8.229078531265259
1.3842105263157896,1.0,2.0,"{0: 1, 1: 1, 2: 0, 3: 1, 4: 1, 5: 1, 6: 1, 7: 1, 8: 0, 9: 0, 10: 1, 11: 1, 12: 1, 13: 1, 14: 0, 15: 0, 16: 1, 17: 1, 18: 0, 19: 1, 20: 1, 21: 1, 22: 0, 23: 0, 24: 0, 25: 0, 26: 0, 27: 0, 28: 0, 29: 0, 30: 0, 31: 0, 32: 0, 33: 0}",0.33349262570041793,-9.676956815114705,11.023227214813232
1.3842105263157896,1.0,2.0,"{0: 1, 1: 1, 2: 1, 3: 1, 4: 1, 5: 1, 6: 1, 7: 1, 8: 0, 9: 1, 10: 1, 11: 1, 12: 1, 13: 1, 14: 0, 15: 0, 16: 1, 17: 1, 18: 0, 19: 0, 20: 0, 21: 1, 22: 0, 23: 0, 24: 0, 25: 0, 26: 0, 27: 0, 28: 0, 29: 0, 30: 0, 31: 0, 32: 0, 33: 0}",0.38586233391428204,-9.639676113360315,10.138857364654541
1.3842105263157896,1.0,2.0,"{0: 0, 1: 0, 2: 0, 3: 0, 4: 0, 5: 0, 6: 0, 7: 0, 8: 1, 9: 0, 10: 0, 11: 0, 12: 0, 13: 0, 14: 1, 15: 1, 16: 0, 17: 0, 18: 1, 19: 0, 20: 1, 21: 0, 22: 1, 23: 1, 24: 0, 25: 0, 26: 1, 27: 1, 28: 0, 29: 1, 30: 1, 31: 0, 32: 1, 33: 1}",0.3248346170424092,-9.853542510121457,12.075393438339233
1.3842105263157896,1.0,2.0,"{0: 0, 1: 0, 2: 0, 3: 0, 4: 0, 5: 0, 6: 0, 7: 0, 8: 0, 9: 0, 10: 0, 11: 0, 12: 0, 13: 0, 14: 1, 15: 1, 16: 0, 17: 0, 18: 1, 19: 0, 20: 1, 21: 0, 22: 1, 23: 1, 24: 1, 25: 1, 26: 1, 27: 1, 28: 1, 29: 1, 30: 0, 31: 1, 32: 1, 33: 1}",0.3793688274207755,-10.437381916329286,9.075175046920776
1.3842105263157896,1.0,2.0,"{0: 1, 1: 1, 2: 0, 3: 1, 4: 1, 5: 1, 6: 1, 7: 1, 8: 0, 9: 0, 10: 1, 11: 1, 12: 1, 13: 1, 14: 0, 15: 0, 16: 1, 17: 1, 18: 0, 19: 1, 20: 0, 21: 1, 22: 0, 23: 0, 24: 0, 25: 0, 26: 0, 27: 0, 28: 0, 29: 0, 30: 0, 31: 0, 32: 0, 33: 0}",0.3476602762317048,-10.848211875843452,8.757708549499512
1.4421052631578948,1.0,2.0,"{0: 0, 1: 0, 2: 0, 3: 0, 4: 0, 5: 0, 6: 0, 7: 0, 8: 0, 9: 0, 10: 0, 11: 1, 12: 0, 13: 0, 14: 1, 15: 1, 16: 0, 17: 0, 18: 1, 19: 0, 20: 1, 21: 0, 22: 1, 23: 1, 24: 1, 25: 1, 26: 1, 27: 1, 28: 1, 29: 1, 30: 0, 31: 1, 32: 1, 33: 1}",0.3674218998894324,-9.023144399460186,7.536525249481201
1.4421052631578948,1.0,2.0,"{0: 1, 1: 1, 2: 0, 3: 1, 4: 1, 5: 1, 6: 1, 7: 1, 8: 0, 9: 0, 10: 1, 11: 1, 12: 1, 13: 1, 14: 0, 15: 0, 16: 1, 17: 1, 18: 0, 19: 1, 20: 0, 21: 1, 22: 0, 23: 0, 24: 0, 25: 0, 26: 0, 27: 0, 28: 0, 29: 0, 30: 0, 31: 0, 32: 0, 33: 0}",0.3476602762317048,-10.130836707152499,8.918565511703491
1.4421052631578948,1.0,2.0,"{0: 1, 1: 1, 2: 0, 3: 1, 4: 1, 5: 1, 6: 1, 7: 1, 8: 0, 9: 0, 10: 1, 11: 1, 12: 1, 13: 1, 14: 0, 15: 0, 16: 1, 17: 1, 18: 0, 19: 1, 20: 0, 21: 1, 22: 0, 23: 0, 24: 0, 25: 0, 26: 0, 27: 0, 28: 0, 29: 0, 30: 0, 31: 0, 32: 0, 33: 0}",0.3476602762317048,-10.130836707152499,7.961240291595459
1.4421052631578948,1.0,2.0,"{0: 0, 1: 0, 2: 0, 3: 0, 4: 0, 5: 0, 6: 0, 7: 0, 8: 0, 9: 0, 10: 0, 11: 0, 12: 0, 13: 0, 14: 1, 15: 1, 16: 0, 17: 0, 18: 1, 19: 0, 20: 1, 21: 0, 22: 1, 23: 1, 24: 1, 25: 1, 26: 1, 27: 1, 28: 0, 29: 1, 30: 0, 31: 1, 32: 1, 33: 1}",0.3681246603324525,-9.491363022941966,10.566312313079834
1.4421052631578948,1.0,2.0,"{0: 0, 1: 0, 2: 0, 3: 0, 4: 0, 5: 0, 6: 0, 7: 0, 8: 0, 9: 1, 10: 0, 11: 0, 12: 0, 13: 0, 14: 0, 15: 1, 16: 0, 17: 0, 18: 1, 19: 0, 20: 1, 21: 0, 22: 1, 23: 1, 24: 1, 25: 1, 26: 1, 27: 1, 28: 1, 29: 1, 30: 0, 31: 1, 32: 1, 33: 1}",0.3612657184085756,-8.660998650472333,7.676385164260864
1.5,1.0,2.0,"{0: 1, 1: 1, 2: 1, 3: 1, 4: 0, 5: 1, 6: 1, 7: 1, 8: 0, 9: 0, 10: 0, 11: 1, 12: 0, 13: 1, 14: 0, 15: 0, 16: 1, 17: 1, 18: 0, 19: 1, 20: 0, 21: 1, 22: 0, 23: 0, 24: 0, 25: 0, 26: 0, 27: 0, 28: 0, 29: 0, 30: 0, 31: 0, 32: 0, 33: 0}",0.33515114034594556,-6.500000000000006,7.421100378036499
1.5,1.0,2.0,"{0: 0, 1: 0, 2: 0, 3: 0, 4: 0, 5: 0, 6: 0, 7: 0, 8: 0, 9: 0, 10: 0, 11: 0, 12: 0, 13: 0, 14: 1, 15: 1, 16: 0, 17: 0, 18: 1, 19: 0, 20: 1, 21: 1, 22: 1, 23: 1, 24: 1, 25: 1, 26: 1, 27: 1, 28: 1, 29: 1, 30: 0, 31: 1, 32: 1, 33: 1}",0.36340211015535684,-7.557692307692312,8.70020866394043
1.5,1.0,2.0,"{0: 1, 1: 1, 2: 0, 3: 1, 4: 1, 5: 1, 6: 1, 7: 1, 8: 0, 9: 0, 10: 1, 11: 0, 12: 1, 13: 1, 14: 0, 15: 0, 16: 1, 17: 1, 18: 0, 19: 1, 20: 0, 21: 1, 22: 0, 23: 0, 24: 0, 25: 0, 26: 0, 27: 0, 28: 0, 29: 0, 30: 0, 31: 0, 32: 0, 33: 0}",0.3321152152320983,-9.038461538461538,6.09862756729126
1.5,1.0,2.0,"{0: 0, 1: 0, 2: 0, 3: 0, 4: 0, 5: 0, 6: 0, 7: 0, 8: 0, 9: 0, 10: 0, 11: 0, 12: 0, 13: 0, 14: 1, 15: 1, 16: 0, 17: 0, 18: 1, 19: 0, 20: 1, 21: 0, 22: 1, 23: 1, 24: 1, 25: 1, 26: 1, 27: 0, 28: 0, 29: 1, 30: 0, 31: 1, 32: 1, 33: 1}",0.3212458537133861,-8.173076923076927,7.09269118309021
1.5,1.0,2.0,"{0: 0, 1: 0, 2: 0, 3: 0, 4: 0, 5: 0, 6: 0, 7: 0, 8: 0, 9: 1, 10: 0, 11: 0, 12: 0, 13: 0, 14: 1, 15: 1, 16: 0, 17: 0, 18: 1, 19: 0, 20: 1, 21: 0, 22: 1, 23: 1, 24: 0, 25: 0, 26: 1, 27: 0, 28: 0, 29: 1, 30: 1, 31: 0, 32: 1, 33: 1}",0.2761192631322501,-8.41346153846154,7.716022491455078
